date,spot,return,excess_return
2019-09-23,209.55,0.0,-0.002691527462254697
2019-09-24,195.5,-0.14531969309462914,-0.14801122055688384
2019-09-25,166.84,0.018940302085830717,0.016248774623576018
2019-09-26,169.95,-0.01918211238599583,-0.021873639848250526
2019-09-27,166.34,0.0441866057472646,0.0414950782850099
2019-09-28,174.14,-0.0074652578385206335,-0.01015678530077533
2019-09-29,173.92,-0.025643974241030244,-0.028335501703284943
2019-09-30,169.4,0.06635182998819351,0.06366030252593882
2019-10-01,180.43,-0.026436845313972234,-0.02912837277622693
2019-10-02,175.83,0.026218506511971704,0.023526979049717005
2019-10-03,180.58,-0.03306013955033779,-0.03575166701259249
2019-10-04,174.91,0.004630953061574537,0.0019394255993198401
2019-10-05,175.01,0.005885377978401241,0.0031938505161465437
2019-10-06,176.25,-0.03438297872340427,-0.03707450618565897
2019-10-07,170.07,0.05803492679484921,0.05534339933259451
2019-10-08,180.89,-0.0009950798828015834,-0.0036866073450562806
2019-10-09,180.56,0.06784448382809039,0.06515295636583569
2019-10-10,192.82,-0.008816512809874435,-0.011508040272129132
2019-10-11,191.58,-0.05741726693809374,-0.06010879440034844
2019-10-12,180.61,-0.004872376944798315,-0.007563904407053013
2019-10-13,179.32,0.009647557439214914,0.006956029976960217
2019-10-14,180.8,0.03279867256637156,0.030107145104116863
2019-10-15,186.76,-0.03276932962090386,-0.03546085708315856
2019-10-16,180.48,-0.03280141843971624,-0.03549294590197094
2019-10-17,174.56,0.014780018331805592,0.012088490869550895
2019-10-18,177.3,-0.025437112239142804,-0.0281286397013975
2019-10-19,172.84,-0.007289979171488029,-0.009981506633742726
2019-10-20,171.86,0.019143488886302757,0.01645196142404806
2019-10-21,174.95,-0.005201486138896809,-0.007893013601151506
2019-10-22,173.9,-0.015066129959747007,-0.017757657422001704
2019-10-23,171.06,-0.05214544604232442,-0.05483697350457912
2019-10-24,162.32,-0.012259733859043746,-0.014951261321298443
2019-10-25,160.29,0.1315116351612703,0.12882010769901558
2019-10-26,181.42,-0.01074853930106928,-0.013440066763323977
2019-10-27,179.57,0.02400178203486107,0.021310254572606373
2019-10-28,183.68,-0.01181402439024399,-0.014505551852498686
2019-10-29,181.65,0.04883016790531244,0.04613864044305774
2019-10-30,190.54,-0.039676708302718605,-0.042368235764973304
2019-10-31,183.27,-0.0045834015387133924,-0.00727492900096809
2019-11-01,181.91,0.004837557033697958,0.0021460295714432606
2019-11-02,183.15,-0.0015834015834015399,-0.004274929045656237
2019-11-03,183.0,-0.009016393442622983,-0.01170792090487768
2019-11-04,181.68,0.022677234698370786,0.01998570723611609
2019-11-05,185.71,0.016100371547035596,0.013408844084780899
2019-11-06,188.58,0.014211475235974007,0.01151994777371931
2019-11-07,190.91,-0.021004661882562416,-0.023696189344817112
2019-11-08,186.76,-0.016866566716641558,-0.019558094178896257
2019-11-09,183.62,0.006807537305304433,0.004116009843049735
2019-11-10,184.7,0.023822414726583682,0.021130887264328983
2019-11-11,189.12,-0.02268401015228422,-0.025375537614538916
2019-11-12,184.48,0.0130637467476149,0.010372219285360203
2019-11-13,187.06,0.0044370790120816,0.0017455515498269025
2019-11-14,188.54,-0.019412326296807027,-0.022103853759061723
2019-11-15,184.92,-0.026119402985074543,-0.02881093044732924
2019-11-16,179.99,0.01316739818878829,0.010475870726533594
2019-11-17,182.48,0.00695966681280146,0.004268139350546762
2019-11-18,183.68,-0.029453397212543534,-0.03214492467479823
2019-11-19,178.08,-0.011792452830188807,-0.014483980292443504
2019-11-20,175.96,-0.007331211639008982,-0.010022739101263679
2019-11-21,174.44,-0.07733318046319657,-0.08002470792545126
2019-11-22,161.11,-0.06895909626962952,-0.07165062373188422
2019-11-23,149.85,0.012345679012345642,0.009654151550090945
2019-11-24,152.5,-0.08111475409836069,-0.08380628156061538
2019-11-25,139.79,0.042849989269618784,0.040158461807364085
2019-11-26,146.84,0.0036093707436665834,0.0009178432814118862
2019-11-27,147.52,0.03463937093275478,0.03194784347050008
2019-11-28,153.25,-0.016508972267536712,-0.01920049972979141
2019-11-29,150.57,0.0246397024639703,0.0219481750017156
2019-11-30,154.14,-0.016802906448682854,-0.019494433910937553
2019-12-01,150.76,0.0009286282833643857,-0.0017628991788903115
2019-12-02,151.12,-0.0160137638962415,-0.018705291358496197
2019-12-03,148.92,-0.012489927477840354,-0.015181454940095051
2019-12-04,147.17,-0.011755113134470271,-0.014446640596724968
2019-12-05,145.58,0.013600769336447242,0.010909241874192545
2019-12-06,148.23,0.0017540308979290247,-0.0009374965643256725
2019-12-07,148.34,-0.007617635162464578,-0.010309162624719275
2019-12-08,147.0,0.023061224489795827,0.020369697027541128
2019-12-09,150.47,-0.0202698212268227,-0.0229613486890774
2019-12-10,147.28,-0.011271048343291666,-0.013962575805546364
2019-12-11,145.51,-0.014500721599889941,-0.017192249062144636
2019-12-12,143.52,0.009476031215161546,0.006784503752906849
2019-12-13,145.16,-0.003100027555800418,-0.005791555018055115
2019-12-14,144.83,-0.020921079886763796,-0.023612607349018495
2019-12-15,141.88,0.0038765153650973457,0.0011849879028426485
2019-12-16,142.3,-0.06830639494026702,-0.07099792240252172
2019-12-17,132.7,-0.08078372268274292,-0.08347525014499761
2019-12-18,122.09,0.08682119747727082,0.08412967001501613
2019-12-19,133.06,-0.03682549225913126,-0.03951701972138596
2019-12-20,128.35,-0.0007012076353720562,-0.0033927350976267535
2019-12-21,128.36,-0.010283577438454403,-0.0129751049007091
2019-12-22,127.07,0.03989926811993384,0.03720774065767914
2019-12-23,132.66,-0.033544399216040924,-0.03623592667829562
2019-12-24,127.91,-0.00031271988116638296,-0.00300424734342108
2019-12-25,127.87,-0.021819034957378636,-0.024510562419633335
2019-12-26,125.08,0.00423728813559323,0.0015457606733385327
2019-12-27,125.47,0.0062963258149358915,0.0036047983526811943
2019-12-28,126.92,0.012369996848408504,0.009678469386153807
2019-12-29,127.95,0.055646737006643146,0.05295520954438845
2019-12-30,133.79,-0.017041632408999186,-0.01973315987125388
2019-12-31,131.52,-0.0172597323600974,-0.019951259822352095
2020-01-01,128.93,0.012332273326611366,0.009640745864356669
2020-01-02,130.42,-0.024536114092930446,-0.027227641555185145
2020-01-03,127.08,0.05406043437204903,0.05136890690979433
2020-01-04,134.79,-0.0057125899547442825,-0.00840411741699898
2020-01-05,134.84,0.002892316819934636,0.00020078935767993888
2020-01-06,135.24,0.0646258503401359,0.061934322877881205
2020-01-07,144.55,-0.011483915600138533,-0.01417544306239323
2020-01-08,142.94,-0.014341681824541845,-0.017033209286796542
2020-01-09,140.51,-0.017294142765639304,-0.019985670227894
2020-01-10,137.71,0.04799941906905805,0.045307891606803354
2020-01-11,144.24,-0.010399334442595673,-0.01309086190485037
2020-01-12,142.01,0.028589535948172682,0.025898008485917987
2020-01-13,146.32,-0.016539092400218613,-0.019230619862473312
2020-01-14,143.5,0.15944250871080137,0.15675098124854667
2020-01-15,165.44,0.002840909090909084,0.00014938162865438687
2020-01-16,165.59,-0.007005253940455321,-0.009696781402710018
2020-01-17,164.63,0.03389418696470882,0.03120265950245412
2020-01-18,170.01,0.024586789012411077,0.021895261550156378
2020-01-19,174.29,-0.042802226174766075,-0.045493753637020774
2020-01-20,167.14,-0.0017350723943998568,-0.004426599856654554
2020-01-21,166.9,0.013720790892750101,0.011029263430495404
2020-01-22,169.78,-0.009188361408882096,-0.011879888871136793
2020-01-23,168.23,-0.031682815193485016,-0.034374342655739715
2020-01-24,163.13,-0.004842763440201018,-0.007534290902455715
2020-01-25,161.78,-0.007108418840400579,-0.009799946302655276
2020-01-26,160.26,0.04736053912392365,0.04466901166166895
2020-01-27,168.34,0.011524296067482462,0.008832768605227765
2020-01-28,170.54,0.031488213908760436,0.028796686446505737
2020-01-29,175.99,-0.012102960395476989,-0.014794487857731686
2020-01-30,173.86,0.06068100770735064,0.05798948024509594
2020-01-31,184.67,-0.02783343260951961,-0.030524960071774306
2020-02-01,179.43,0.02407624143119876,0.021384713968944064
2020-02-02,183.19,0.029805120366832295,0.0271135929045776
2020-02-03,188.07,0.011059711809432726,0.008368184347178028
2020-02-04,190.55,-0.007819469955392332,-0.01051099741764703
2020-02-05,188.89,0.07919953412038758,0.07650800665813288
2020-02-06,203.9,0.04600294261893083,0.04331141515667613
2020-02-07,213.39,0.04747176531233902,0.04478023785008432
2020-02-08,223.53,-0.00040263051939338525,-0.0030941579816480824
2020-02-09,223.69,0.01998301220439,0.0172914847421353
2020-02-10,229.09,-0.025273909817102414,-0.02796543727935711
2020-02-11,223.03,0.06348921669730528,0.060797689235050585
2020-02-12,237.03,0.12023794456397913,0.11754641710172443
2020-02-13,265.55,0.012841272829975402,0.010149745367720705
2020-02-14,268.96,0.062165377751338596,0.0594738502890839
2020-02-15,285.7,-0.07227861393069646,-0.07497014139295115
2020-02-16,264.84,-0.021484669989427573,-0.02417619745168227
2020-02-17,259.06,0.034277773488767066,0.03158624602651237
2020-02-18,268.39,0.05100786169380379,0.04831633423154909
2020-02-19,282.93,-0.08528611317286959,-0.08797764063512428
2020-02-20,257.85,-0.00015512895094054862,-0.0028466564131952457
2020-02-21,257.0,0.03712062256809347,0.03442909510583877
2020-02-22,264.44,-0.00994554530328239,-0.012637072765537088
2020-02-23,262.04,0.04922912532437787,0.04653759786212317
2020-02-24,274.94,-0.03313450207317965,-0.03582602953543435
2020-02-25,265.92,-0.07355595667870037,-0.07624748414095506
2020-02-26,247.49,-0.09527657683138717,-0.09796810429364186
2020-02-27,223.28,0.017825152275170144,0.015133624812915447
2020-02-28,227.8,-0.005004389815627808,-0.007695917277882505
2020-02-29,228.68,-0.05129438516704573,-0.05398591262930043
2020-03-01,218.92,-0.004202448382970891,-0.006893975845225588
2020-03-02,218.0,0.06188073394495417,0.05918920648269947
2020-03-03,232.03,-0.03555574710166789,-0.03824727456392259
2020-03-04,223.77,0.0019663046878491204,-0.0007252227744055767
2020-03-05,224.51,0.018217451338470463,0.015525923876215765
2020-03-06,228.05,0.07564130673098005,0.07294977926872535
2020-03-07,246.46,-0.039235575752657695,-0.041927103214912394
2020-03-08,236.59,-0.15888245487974978,-0.16157398234200449
2020-03-09,199.81,0.015664881637555656,0.012973354175300959
2020-03-10,203.69,-0.015955618832539643,-0.018647146294794338
2020-03-11,200.62,-0.03055527863622767,-0.033246806098482365
2020-03-12,195.12,-0.4431631816318163,-0.445854709094071
2020-03-13,107.87,0.23546861963474558,0.23277709217249087
2020-03-14,134.27,-0.08914873017055196,-0.09184025763280665
2020-03-15,122.59,0.009054572151072677,0.00636304468881798
2020-03-16,123.21,-0.10396883369856334,-0.10666036116081803
2020-03-17,111.66,0.04039047107289992,0.03769894361064522
2020-03-18,115.3,0.022983521248915922,0.020291993786661223
2020-03-19,119.13,0.1479056492906909,0.14521412182843618
2020-03-20,137.02,-0.030798423587797392,-0.03348995105005209
2020-03-21,132.33,0.000528980578855839,-0.002162546883398858
2020-03-22,131.78,-0.07163454241918348,-0.07432606988143817
2020-03-23,121.69,0.11734735804092367,0.11465583057866897
2020-03-24,136.22,0.017985611510791283,0.015294084048536586
2020-03-25,137.76,-0.010815911730545738,-0.013507439192800435
2020-03-26,136.37,0.01459265234289073,0.011901124880636034
2020-03-27,138.73,-0.05420601167735877,-0.05689753913961347
2020-03-28,131.2,-0.001295731707316978,-0.003987259169571675
2020-03-29,131.03,-0.049835915439212404,-0.0525274429014671
2020-03-30,124.28,0.06252011586739628,0.05982858840514158
2020-03-31,132.05,0.00605831124574012,0.003366783783485423
2020-04-01,132.85,0.021226947685359376,0.018535420223104677
2020-04-02,135.94,0.0342062674709431,0.031514740008688404
2020-04-03,141.58,-0.001977680463342288,-0.004669207925596985
2020-04-04,141.26,0.021449808863089347,0.018758281400834652
2020-04-05,144.29,-0.008801718760828761,-0.011493246223083458
2020-04-06,143.01,0.19040626529613328,0.18771473783387857
2020-04-07,170.62,-0.03481420700972921,-0.03750573447198391
2020-04-08,164.68,0.0496720913286374,0.0469805638663827
2020-04-09,171.86,-0.00960083789130691,-0.012292365353561607
2020-04-10,169.2,-0.06973995271867603,-0.07243148018093072
2020-04-11,157.84,0.003611251900658852,0.0009197244384041548
2020-04-12,158.65,0.00044122281752280603,-0.002250304644731891
2020-04-13,158.61,-0.013492213605699606,-0.016183741067954303
2020-04-14,156.66,0.005361930294906188,0.002670402832651491
2020-04-15,157.52,-0.027805992889791922,-0.03049752035204662
2020-04-16,152.75,0.12274959083469722,0.12005806337244253
2020-04-17,172.94,-0.010870822250491474,-0.01356234971274617
2020-04-18,171.36,0.0942460317460316,0.09155450428377691
2020-04-19,188.0,-0.043989361702127715,-0.046680889164382414
2020-04-20,180.06,-0.053093413306675566,-0.055784940768930265
2020-04-21,170.67,-0.000937481689810726,-0.003629009152065423
2020-04-22,170.5,0.07237536656891498,0.06968383910666029
2020-04-23,183.09,0.009831230542356125,0.007139703080101428
2020-04-24,185.98,0.007904075707065271,0.005212548244810574
2020-04-25,187.34,0.03677805060318131,0.03408652314092661
2020-04-26,194.12,0.015299814547702446,0.012608287085447749
2020-04-27,197.66,-0.007588788829302843,-0.01028031629155754
2020-04-28,196.32,0.0006112469437653044,-0.002080280518489393
2020-04-29,196.38,0.09619105815256143,0.09349953069030674
2020-04-30,215.13,-0.04494956537907306,-0.04764109284132776
2020-05-01,207.05,0.025645979232069557,0.02295445176981486
2020-05-02,211.39,0.0101707743980321,0.007479246935777404
2020-05-03,214.42,-0.0214532226471411,-0.024144750109395798
2020-05-04,209.73,-0.014685548085633835,-0.017377075547888532
2020-05-05,206.64,-0.008904374758033174,-0.011595902220287871
2020-05-06,205.58,-0.03259071894153136,-0.035282246403786056
2020-05-07,197.84,0.07501010917913467,0.07231858171687998
2020-05-08,213.01,-0.006619407539552118,-0.009310935001806814
2020-05-09,210.96,0.0027967387182404406,0.00010521125598574347
2020-05-10,210.0,-0.10347619047619043,-0.10616771793844512
2020-05-11,188.38,-0.010404501539441597,-0.013096029001696294
2020-05-12,185.94,0.021297192642788038,0.01860566518053334
2020-05-13,190.0,0.04800000000000002,0.04530847253774532
2020-05-14,200.1,0.014992503748125937,0.01230097628587124
2020-05-15,203.48,-0.0454590131708276,-0.0481505406330823
2020-05-16,193.41,0.03670958068352202,0.03401805322126732
2020-05-17,200.38,0.03673021259606754,0.03403868513381284
2020-05-18,208.35,0.029469642428605784,0.026778114966351088
2020-05-19,214.17,0.0015875239295886606,-0.0011040035326660366
2020-05-20,214.46,-0.020796418912617774,-0.02348794637487247
2020-05-21,210.0,-0.05466666666666662,-0.05735819412892132
2020-05-22,198.0,0.047878787878787826,0.04518726041653313
2020-05-23,207.66,-0.005682365404988957,-0.008373892867243654
2020-05-24,206.68,-0.034304238436229935,-0.036995765898484634
2020-05-25,199.65,0.02319058352116201,0.02049905605890731
2020-05-26,204.05,-0.016515559911786347,-0.019207087374041046
2020-05-27,201.17,0.032907491176616815,0.030215963714362117
2020-05-28,208.03,0.05681872806806707,0.05412720060581237
2020-05-29,220.76,-0.0014948360210182284,-0.004186363483272925
2020-05-30,220.43,0.10479517307081611,0.10210364560856142
2020-05-31,243.73,-0.0484552578673122,-0.0511467853295669
2020-06-01,231.67,0.07048819441446891,0.06779666695221422
2020-06-02,248.5,-0.042615694164989955,-0.045307221627244654
2020-06-03,237.17,0.03132773959607036,0.02863621213381566
2020-06-04,244.78,-0.004984067325761904,-0.007675594788016601
2020-06-05,242.5,-0.010061855670103084,-0.012753383132357781
2020-06-06,239.83,0.010382354167535256,0.007690826705280559
2020-06-07,241.3,0.013675922088686211,0.010984394626431514
2020-06-08,244.92,0.007471827535521855,0.0047803000732671574
2020-06-09,246.97,-0.01279507632505971,-0.015486603787314408
2020-06-10,243.57,0.01712033501662773,0.014428807554373034
2020-06-11,247.89,-0.07107991447819588,-0.07377144194045057
2020-06-12,230.1,0.03129074315515001,0.028599215692895308
2020-06-13,237.66,0.002356307329798882,-0.0003352201324558152
2020-06-14,238.22,-0.026907900260263608,-0.029599427722518307
2020-06-15,231.27,-0.0032429627707873912,-0.005934490233042088
2020-06-16,230.78,0.017895831527862012,0.015204304065607315
2020-06-17,234.86,-0.0028953419058162597,-0.005586869368070957
2020-06-18,233.89,-0.010132968489460756,-0.012824495951715453
2020-06-19,231.22,-0.010509471499005305,-0.013200998961260002
2020-06-20,229.12,-0.0006546787709497455,-0.0033462062332044427
2020-06-21,229.43,-0.007278908599572924,-0.009970436061827622
2020-06-22,227.54,0.0683835809088512,0.06569205344659651
2020-06-23,243.83,-0.003691096255587933,-0.0063826237178426296
2020-06-24,243.02,-0.03505884289358904,-0.03775037035584374
2020-06-25,234.57,-0.008995182674681268,-0.011686710136935965
2020-06-26,232.16,-0.008140937284631231,-0.010832464746885928
2020-06-27,229.14,-0.036004189578423676,-0.038695717040678375
2020-06-28,219.81,0.02311086847732125,0.020419341015066553
2020-06-29,224.73,0.01401682018422109,0.011325292721966394
2020-06-30,228.7,-0.011893310013117617,-0.014584837475372314
2020-07-01,225.51,0.02461088200079824,0.021919354538543545
2020-07-02,231.28,-0.020840539605672746,-0.023532067067927445
2020-07-03,226.06,-0.0037600636999026555,-0.006451591162157353
2020-07-04,224.6,0.01776491540516478,0.015073387942910082
2020-07-05,229.19,-0.004930407085823969,-0.007621934548078666
2020-07-06,227.87,0.06051696142537408,0.05782543396311938
2020-07-07,241.41,-0.011225715587589611,-0.013917243049844309
2020-07-08,238.39,0.03620118293552592,0.03350965547327122
2020-07-09,246.8,-0.019894651539708368,-0.022586179001963066
2020-07-10,241.0,0.0005394190871369106,-0.0021521083751177865
2020-07-11,241.28,-0.00907659151193633,-0.011768118974191027
2020-07-12,239.83,0.011132885794104104,0.008441358331849407
2020-07-13,242.92,-0.01391404577638727,-0.016605573238641966
2020-07-14,239.52,0.004425517702070818,0.0017339902398161204
2020-07-15,240.91,-0.00904902245651906,-0.011740549918773758
2020-07-16,238.73,-0.02069283290746868,-0.023384360369723377
2020-07-17,233.22,-0.0018866306491724454,-0.004578158111427142
2020-07-18,232.53,0.014879800455855192,0.012188272993600495
2020-07-19,235.7,0.01480695799745443,0.012115430535199733
2020-07-20,239.66,-0.014770925477760127,-0.017462452940014826
2020-07-21,235.77,0.042032489290410126,0.03934096182815543
2020-07-22,245.6,0.07308631921824112,0.07039479175598642
2020-07-23,264.45,0.04212516543770084,0.03943363797544614
2020-07-24,275.59,0.014986029972060135,0.012294502509805438
2020-07-25,279.72,0.09034034034034026,0.08764881287808557
2020-07-26,305.16,0.017662865382094592,0.014971337919839895
2020-07-27,311.89,0.03247939978838692,0.02978787232613222
2020-07-28,322.88,-0.018458870168483583,-0.021150397630738282
2020-07-29,317.39,0.0006616465547119834,-0.0020298809075427137
2020-07-30,317.8,0.05361862806796716,0.05092710060571246
2020-07-31,335.35,0.03372595795437603,0.03103443049212133
2020-08-01,346.53,0.11773872392000696,0.11504719645775227
2020-08-02,388.08,-0.04164089878375585,-0.044332426246010546
2020-08-03,373.34,0.03578507526651314,0.03309354780425844
2020-08-04,385.85,0.008941298432033144,0.006249770969778447
2020-08-05,390.62,0.026035533254825702,0.023344005792571003
2020-08-06,400.31,-0.014388848642302193,-0.017080376104556892
2020-08-07,394.98,-0.039065269127550775,-0.041756796589805474
2020-08-08,377.97,0.049977511442707054,0.047285983980452355
2020-08-09,396.88,-0.01776355573473093,-0.020455083196985628
2020-08-10,392.22,0.009484472999846949,0.006792945537592252
2020-08-11,396.63,-0.04412172553765474,-0.04681325299990944
2020-08-12,379.14,0.021759772115841115,0.01906824465358642
2020-08-13,386.28,0.0954230092161127,0.09273148175385801
2020-08-14,424.72,0.02893671124505548,0.02624518378280078
2020-08-15,438.82,-0.014744086413563581,-0.017435613875818278
2020-08-16,432.31,0.003909231801253725,0.0012177043389990276
2020-08-17,434.19,-0.010824754139892647,-0.013516281602147344
2020-08-18,430.25,-0.01961650203370133,-0.022308029495956026
2020-08-19,422.13,-0.03479970625162864,-0.03749123371388334
2020-08-20,408.85,0.01680322856793446,0.014111701105679763
2020-08-21,415.86,-0.07014379839369023,-0.07283532585594492
2020-08-22,386.9,0.023132592401137363,0.020441064938882668
2020-08-23,395.87,-0.01305984287771242,-0.015751370339967118
2020-08-24,391.29,0.04390605433310334,0.041214526870848645
2020-08-25,407.72,-0.05856960659275986,-0.06126113405501456
2020-08-26,382.61,0.008180653929588864,0.005489126467334167
2020-08-27,385.35,-0.0064357077981056655,-0.009127235260360363
2020-08-28,383.39,0.030152064477425085,0.027460537015170386
2020-08-29,395.43,0.009255746908428718,0.006564219446174021
2020-08-30,398.74,0.07593920850679634,0.07324768104454164
2020-08-31,429.59,0.010149212039386424,0.007457684577131727
2020-09-01,434.26,0.09436742965043987,0.09167590218818518
2020-09-02,475.19,-0.07487531303268163,-0.07756684049493633
2020-09-03,439.81,-0.13139764898478892,-0.13408917644704363
2020-09-04,382.02,0.009397413747971393,0.006705886285716696
2020-09-05,385.61,-0.13109099867742022,-0.13378252613967492
2020-09-06,335.47,0.05189733806301597,0.04920581060076127
2020-09-07,352.14,0.0041460782643267914,0.0014545508020720943
2020-09-08,353.9,-0.04795139870019772,-0.05064292616245242
2020-09-09,336.89,0.04149722461337534,0.038805697151120644
2020-09-10,350.55,0.04832406218799029,0.04563253472573559
2020-09-11,367.66,0.016754610237719545,0.014063082775464848
2020-09-12,374.3,0.03689553833823137,0.03420401087597667
2020-09-13,387.85,-0.05659404408920986,-0.05928557155146456
2020-09-14,365.01,0.03123202104051953,0.028540493578264832
2020-09-15,377.48,-0.035180671823672856,-0.037872199285927555
2020-09-16,363.75,0.004068728522336819,0.0013772010600821222
2020-09-17,364.58,0.0653080256733776,0.0626164982111229
2020-09-18,389.44,-0.015406737880032868,-0.018098265342287565
2020-09-19,384.19,0.0034618287826335514,0.0007703013203788542
2020-09-20,385.26,-0.03680631262004882,-0.03949784008230352
2020-09-21,370.29,-0.08177374490264396,-0.08446527236489865
2020-09-22,340.88,0.009064773527341093,0.006373246065086395
2020-09-23,344.32,-0.06891844795539039,-0.07160997541764508
2020-09-24,320.59,0.08743254624286481,0.08474101878061012
2020-09-25,348.75,0.006566308243727657,0.0038747807814729597
2020-09-26,351.46,0.006344961019746254,0.0036534335574915566
2020-09-27,354.35,0.009877240016932411,0.007185712554677714
2020-09-28,358.11,-0.011337298595403653,-0.01402882605765835
2020-09-29,353.21,0.01718524390589166,0.014493716443636962
2020-09-30,359.73,0.0001111945069912535,-0.0025803329552634437
2020-10-01,359.77,-0.020123968090724656,-0.022815495552979355
2020-10-02,352.02,-0.01886256462700979,-0.02155409208926449
2020-10-03,344.87,0.0028126540435525573,0.00012112658129786015
2020-10-04,345.14,0.021730312337022658,0.019038784874767962
2020-10-05,353.52,-0.0003111563702193845,-0.0030026838324740818
2020-10-06,354.0,-0.038870056497175114,-0.04156158395942981
2020-10-07,340.56,0.0019086210946675395,-0.0007829063675871576
2020-10-08,341.78,0.026508280180232907,0.023816752717978208
2020-10-09,350.71,0.04322659747369629,0.04053507001144159
2020-10-10,365.21,0.013772897784836204,0.011081370322581507
2020-10-11,370.81,0.006661093282273861,0.003969565820019164
2020-10-12,373.86,0.03413042315305192,0.03143889569079722
2020-10-13,386.66,-0.015000258625148737,-0.017691786087403433
2020-10-14,381.25,-0.004721311475409866,-0.007412838937664563
2020-10-15,378.73,-0.004937554458321243,-0.00762908192057594
2020-10-16,377.48,-0.032346084560771524,-0.03503761202302622
2020-10-17,365.45,0.00878369133944462,0.0060921638771899225
2020-10-18,367.96,0.028780302206761692,0.026088774744506993
2020-10-19,378.6,0.0011885895404120143,-0.001502937921842683
2020-10-20,378.37,-0.02669344821206761,-0.029384975674322307
2020-10-21,368.7,0.061404936262544035,0.058713408800289336
2020-10-22,391.83,0.05732077686751917,0.05462924940526447
2020-10-23,412.19,-0.009849826536306078,-0.012541353998560776
2020-10-24,409.55,0.00639726529117325,0.0037057378289185525
2020-10-25,411.77,-0.014061247783956976,-0.016752775246211674
2020-10-26,405.78,-0.030533786781014313,-0.03322531424326901
2020-10-27,392.46,0.027620649238139002,0.024929121775884307
2020-10-28,403.04,-0.03562921794362846,-0.03832074540588316
2020-10-29,388.0,-0.0030670103092783445,-0.005758537771533042
2020-10-30,387.42,-0.010582830003613708,-0.013274357465868405
2020-10-31,382.43,0.011426927803781095,0.008735400341526398
2020-11-01,385.07,0.028618173319136735,0.025926645856882036
2020-11-02,396.85,-0.03487463777245819,-0.03756616523471289
2020-11-03,382.86,0.013164080865068076,0.010472553402813379
2020-11-04,387.94,0.03642315822034334,0.03373163075808864
2020-11-05,402.54,0.033934515824514254,0.031242988362259555
2020-11-06,417.12,0.09294687380130413,0.09025534633904944
2020-11-07,455.33,-0.04436342872202576,-0.04705495618428046
2020-11-08,434.84,0.0459019409437955,0.0432104134815408
2020-11-09,454.48,-0.02013289913747587,-0.022824426599730566
2020-11-10,444.54,0.012687272236469128,0.009995744774214431
2020-11-11,450.83,0.027970631945522732,0.025279104483268033
2020-11-12,463.24,-0.002201882393575645,-0.004893409855830342
2020-11-13,462.81,0.030487673127201256,0.027796145664946557
2020-11-14,476.93,-0.03130438429119579,-0.033995911753450486
2020-11-15,460.57,-0.026966584883948187,-0.029658112346202886
2020-11-16,447.5,0.030368715083798827,0.027677187621544128
2020-11-17,461.74,0.04437562264477846,0.041684095182523764
2020-11-18,483.64,-0.009780001654122822,-0.012471529116377519
2020-11-19,478.63,-0.015962225518667838,-0.018653752980922533
2020-11-20,471.19,0.08236592457395106,0.07967439711169637
2020-11-21,510.37,0.08197974018849076,0.07928821272623607
2020-11-22,552.99,0.013020126946237809,0.010328599483983111
2020-11-23,561.37,0.08548729002262324,0.08279576256036855
2020-11-24,609.12,-0.00725636984502226,-0.009947897307276958
2020-11-25,605.79,-0.057495171594116656,-0.060186699056371355
2020-11-26,569.04,-0.08920286798819063,-0.09189439545044532
2020-11-27,520.0,-0.003923076923076853,-0.00661460438533155
2020-11-28,518.47,0.036897023935811124,0.034205496473556425
2020-11-29,537.47,0.07139003107150167,0.06869850360924698
2020-11-30,576.63,0.06890033470336267,0.06620880724110798
2020-12-01,616.66,-0.05064379074368375,-0.053335318205938446
2020-12-02,584.58,0.021519723562215484,0.018828196099960788
2020-12-03,597.0,0.032010050251256306,0.029318522789001607
2020-12-04,615.41,-0.07804553062186181,-0.0807370580841165
2020-12-05,566.99,0.052928623079772114,0.050237095617517415
2020-12-06,597.09,0.007871510157597567,0.00517998269534287
2020-12-07,602.16,-0.01836721137239263,-0.021058738834647324
2020-12-08,590.59,-0.06021097546521285,-0.06290250292746755
2020-12-09,554.57,0.03382801089132118,0.031136483429066483
2020-12-10,572.99,-0.024904448594216273,-0.027595976056470968
2020-12-11,559.35,-0.027174398855814866,-0.029865926318069565
2020-12-12,544.32,0.0428975602586712,0.0402060327964165
2020-12-13,567.92,0.040410621214255614,0.037719093752000915
2020-12-14,591.06,-0.007698034040537263,-0.01038956150279196
2020-12-15,586.55,0.004756627738470851,0.0020651002762161535
2020-12-16,588.56,0.08313510941960049,0.0804435819573458
2020-12-17,637.33,0.010230179028132964,0.0075386515658782665
2020-12-18,643.31,0.016104211033560824,0.013412683571306127
2020-12-19,654.4,0.006173594132029458,0.0034820666697747606
2020-12-20,657.19,-0.028515345638247702,-0.0312068731005024
2020-12-21,637.1,-0.04496939256003763,-0.04766092002229233
2020-12-22,608.44,0.04639734402734847,0.04370581656509377
2020-12-23,637.1,-0.08113326008475914,-0.08382478754701383
2020-12-24,585.71,0.04604667839032953,0.043355150928074834
2020-12-25,612.83,0.02224107827619404,0.019549550813939345
2020-12-26,627.75,0.015643170051772282,0.012951642589517585
2020-12-27,637.57,0.07362328842323186,0.07093176096097717
2020-12-28,685.6,0.06467327887981335,0.06198175141755865
2020-12-29,729.86,0.0029320691639492316,0.00024054170169453444
2020-12-30,732.21,0.02665901858756365,0.02396749112530895
2020-12-31,752.43,-0.021516951743019208,-0.024208479205273907
2021-01-01,737.61,-0.012323585634685039,-0.015015113096939736
2021-01-02,729.46,0.061826556630932346,0.05913502916867765
2021-01-03,774.6,0.26276788019623026,0.26007635273397556
2021-01-04,978.03,0.06550923795793578,0.06281771049568109
2021-01-05,1043.81,0.05404240235291872,0.05135087489066402
2021-01-06,1100.0,0.09870909090909084,0.09601756344683615
2021-01-07,1209.53,0.012128678081568934,0.009437150619314237
2021-01-08,1226.69,-0.008306907205569503,-0.0109984346678242
2021-01-09,1216.89,0.048147326381184755,0.045455798918930056
2021-01-10,1277.05,-0.01750910301084523,-0.020200630473099924
2021-01-11,1254.71,-0.13193486941205534,-0.13462639687431005
2021-01-12,1086.38,-0.03310075664132259,-0.035792284103577286
2021-01-13,1049.82,0.07524146996627995,0.07254994250402526
2021-01-14,1131.58,0.088866894077308,0.0861753666150533
2021-01-15,1232.47,-0.049055960794177574,-0.05174748825643227
2021-01-16,1172.01,0.04745693296132296,0.04476540549906826
2021-01-17,1226.87,0.004890493695338545,0.0021989662330838475
2021-01-18,1232.87,0.02087811366972999,0.01818658620747529
2021-01-19,1259.08,0.08712710868253014,0.08443558122027545
2021-01-20,1365.82,0.0077316191006136775,0.00504009163835898
2021-01-21,1377.37,-0.1930200309285086,-0.19571155839076332
2021-01-22,1111.85,0.1094122408598283,0.10672071339757361
2021-01-23,1232.44,0.0003002174548050135,-0.002391310007449684
2021-01-24,1233.49,0.12781619632100794,0.12512466885875323
2021-01-25,1393.2,-0.053531438415159456,-0.056222965877414155
2021-01-26,1316.67,0.03808091625084484,0.03538938878859014
2021-01-27,1366.23,-0.09438381531660119,-0.09707534277885588
2021-01-28,1237.28,0.07359692228113277,0.07090539481887807
2021-01-29,1329.95,0.03680589495845712,0.03411436749620242
2021-01-30,1378.45,-0.0014218869019551209,-0.004113414364209818
2021-01-31,1378.56,-0.04714339600742805,-0.04983492346968275
2021-02-01,1312.35,0.0464738827294548,0.043782355267200104
2021-02-02,1374.99,0.09973890719205238,0.09704737972979768
2021-02-03,1512.26,0.10087551082485813,0.09818398336260344
2021-02-04,1666.76,-0.04224363435647609,-0.044935161818730786
2021-02-05,1596.34,0.07800969718230451,0.07531816972004982
2021-02-06,1719.92,-0.023884831852644398,-0.026576359314899094
2021-02-07,1679.18,-0.03826272347217094,-0.04095425093442564
2021-02-08,1611.58,0.08592809540947395,0.08323656794721926
2021-02-09,1749.96,0.012308852773777666,0.009617325311522968
2021-02-10,1772.16,-0.01710342181292895,-0.019794949275183646
2021-02-11,1741.64,0.025338186996164466,0.02264665953390977
2021-02-12,1788.77,0.02895285587303005,0.02626132841077535
2021-02-13,1841.18,-0.013453328843459076,-0.016144856305713773
2021-02-14,1817.26,-0.009497815392403944,-0.012189342854658641
2021-02-15,1800.5,-0.009564009997223009,-0.012255537459477706
2021-02-16,1779.28,0.0006519491030080043,-0.002039578359246693
2021-02-17,1784.4,0.03616902039901365,0.03347749293675895
2021-02-18,1850.84,0.048686002031510085,0.045994474569255386
2021-02-19,1942.09,0.007229325108517212,0.0045377976462625145
2021-02-20,1956.13,-0.021184686089370366,-0.023876213551625065
2021-02-21,1910.96,0.012009670532088608,0.00931814306983391
2021-02-22,1933.91,-0.08085691681619109,-0.08354844427844578
2021-02-23,1777.54,-0.11230127029490189,-0.11499279775715658
2021-02-24,1579.26,0.028931271608221606,0.026239744145966908
2021-02-25,1623.2,-0.08770946278955158,-0.09040099025180627
2021-02-26,1482.7,-0.027605044850610414,-0.03029657231286511
2021-02-27,1446.48,0.007701454565565976,0.005009927103311279
2021-02-28,1455.35,-0.024640120933108807,-0.027331648395363506
2021-03-01,1420.49,0.10480186414547085,0.10211033668321616
2021-03-02,1570.89,-0.05437681823679574,-0.05706834569905044
2021-03-03,1484.99,0.05583202580488763,0.05314049834263293
2021-03-04,1567.79,-0.018101914159421785,-0.020793441621676484
2021-03-05,1535.44,-0.004917157296931143,-0.00760868475918584
2021-03-06,1529.36,0.07888266987498045,0.07619114241272576
2021-03-07,1652.69,0.04573150439586367,0.04303997693360897
2021-03-08,1730.05,0.060437559608103784,0.057746032145849086
2021-03-09,1834.61,0.01973716484702473,0.01704563738477003
2021-03-10,1871.68,-0.03881539579415289,-0.04150692325640759
2021-03-11,1795.89,0.01680503817048919,0.014113510708234493
2021-03-12,1826.87,-0.03368603129943563,-0.036377558761690326
2021-03-13,1767.3,0.08720647315113457,0.08451494568887988
2021-03-14,1921.39,-0.03496427065822142,-0.03765579812047612
2021-03-15,1849.85,-0.030191637159769663,-0.03288316462202436
2021-03-16,1793.94,0.00705709221044174,0.004365564748187042
2021-03-17,1805.59,0.00957581732286964,0.006884289860614942
2021-03-18,1825.0,-0.027167123287671194,-0.029858650749925893
2021-03-19,1776.39,0.018143538299584996,0.0154520108373303
2021-03-20,1810.05,-0.003928068285406425,-0.006619595747661122
2021-03-21,1806.89,-0.014001959167409294,-0.01669348662966399
2021-03-22,1784.59,-0.05694305134512683,-0.05963457880738153
2021-03-23,1680.81,-0.006633706367763081,-0.009325233830017779
2021-03-24,1671.13,-0.05198279008814402,-0.05467431755039872
2021-03-25,1582.98,0.003891394711240876,0.0011998672489861788
2021-03-26,1589.63,0.06898460648075329,0.0662930790184986
2021-03-27,1699.29,0.008332891972529751,0.005641364510275054
2021-03-28,1715.04,-0.015130842429331121,-0.017822369891585817
2021-03-29,1686.32,0.07747639831111539,0.0747848708488607
2021-03-30,1816.67,0.013304562743921486,0.010613035281666789
2021-03-31,1840.98,0.040896696324783516,0.03820516886252882
2021-04-01,1920.93,0.02426949446361913,0.021577967001364433
2021-04-02,1967.64,0.08524425199731647,0.08255272453506178
2021-04-03,2135.37,-0.05854723069069997,-0.06123875815295467
2021-04-04,2008.7,0.03397222083934884,0.03128069337709414
2021-04-05,2075.04,0.015937042177500273,0.013245514715245576
2021-04-06,2108.71,0.0014416396754413662,-0.001249887786813331
2021-04-07,2113.98,-0.0705683119045592,-0.07325983936681389
2021-04-08,1963.61,0.0591207011575618,0.0564291736953071
2021-04-09,2080.42,-0.006147797079435866,-0.008839324541690563
2021-04-10,2067.35,0.03225385154908472,0.029562324086830023
2021-04-11,2137.57,0.0058992220137818515,0.0032076945515271543
2021-04-12,2150.82,-0.006299922820133801,-0.008991450282388498
2021-04-13,2138.75,0.07516540035067222,0.07247387288841753
2021-04-14,2301.82,0.05652483686821718,0.05383330940596248
2021-04-15,2435.4,0.032228791984889454,0.029537264522634755
2021-04-16,2514.27,-0.035751927995004464,-0.03844345545725916
2021-04-17,2426.37,-0.04444911534514518,-0.04714064280739988
2021-04-18,2317.82,-0.03541690036327245,-0.03810842782552715
2021-04-19,2237.42,-0.03437888282039137,-0.03707041028264607
2021-04-20,2162.94,0.07741777395581931,0.07472624649356462
2021-04-21,2330.92,0.011047140184991333,0.008355612722736636
2021-04-22,2358.39,0.017003125013250527,0.01431159755099583
2021-04-23,2397.78,-0.013700172659710382,-0.01639170012196508
2021-04-24,2365.91,-0.06383167576112363,-0.06652320322337832
2021-04-25,2214.52,0.047599479796976256,0.04490795233472156
2021-04-26,2319.98,0.09212579418788094,0.08943426672562625
2021-04-27,2533.71,0.052279069033156926,0.04958754157090223
2021-04-28,2666.17,0.030481927258951973,0.027790399796697278
2021-04-29,2749.64,0.002858556029152954,0.0001670285668982567
2021-04-30,2757.49,0.005965570138060437,0.00327404267580574
2021-05-01,2773.37,0.062018410814280105,0.059326883352025406
2021-05-02,2945.58,0.001554872045573343,-0.0011366554166813542
2021-05-03,2950.8,0.16212891419276124,0.15943738673050653
2021-05-04,3434.81,-0.05680663559265284,-0.05949816305490754
2021-05-05,3239.42,0.08771014564335594,0.08501861818110125
2021-05-06,3525.64,-0.009941457437514813,-0.01263298489976951
2021-05-07,3493.72,-0.00410164523774084,-0.006793172699995537
2021-05-08,3484.86,0.12199916208972529,0.1193076346274706
2021-05-09,3910.78,0.0034340975457580933,0.0007425700835033962
2021-05-10,3926.89,0.005462337880612972,0.0027708104183582745
2021-05-11,3944.14,0.05723174126679074,0.05454021380453604
2021-05-12,4174.34,-0.08448521203351908,-0.08717673949577377
2021-05-13,3811.71,-0.02458214292273017,-0.02727367038498487
2021-05-14,3718.32,0.0956641709158975,0.09297264345364281
2021-05-15,4075.27,-0.10534762113921291,-0.1080391486014676
2021-05-16,3647.15,-0.017797458289349304,-0.020488985751604002
2021-05-17,3582.48,-0.08379669949308853,-0.08648822695534322
2021-05-18,3282.35,0.028217588008591372,0.025526060546336674
2021-05-19,3374.76,-0.2779990280790338,-0.2806905555412885
2021-05-20,2437.18,0.13550907196021642,0.1328175444979617
2021-05-21,2767.17,-0.12170195542738609,-0.12439348288964078
2021-05-22,2431.34,-0.05627760823249727,-0.05896913569475197
2021-05-23,2296.05,-0.08698852376908169,-0.08968005123133638
2021-05-24,2096.32,0.2630132804152036,0.2603217529529489
2021-05-25,2647.71,0.02145250046266403,0.018760973000409333
2021-05-26,2705.52,0.06648999083355506,0.06379846337130037
2021-05-27,2884.78,-0.04959823626065085,-0.05228976372290555
2021-05-28,2741.44,-0.12020689856425819,-0.12289842602651288
2021-05-29,2411.35,-0.05518900201132143,-0.05788052947357613
2021-05-30,2278.34,0.047459992801776575,0.044768465339521876
2021-05-31,2384.55,0.13436497452349483,0.13167344706124012
2021-06-01,2704.97,-0.026055741838171966,-0.02874726930042666
2021-06-02,2634.64,0.027411714693468654,0.024720187231213955
2021-06-03,2703.3,0.05641253283024451,0.053721005367989814
2021-06-04,2857.01,-0.05921225336978172,-0.06190378083203642
2021-06-05,2690.52,-0.02290635267531931,-0.025597880137574004
2021-06-06,2622.3,0.033985432635472636,0.03129390517321794
2021-06-07,2711.65,-0.04317666365497019,-0.04586819111722489
2021-06-08,2590.47,-0.032017355923828344,-0.03470888338608304
2021-06-09,2507.53,0.04074926321918375,0.03805773575692905
2021-06-10,2610.7,-0.053744206534645865,-0.056435733996900564
2021-06-11,2470.42,-0.04742918208239897,-0.05012070954465367
2021-06-12,2355.46,0.005553055454136316,0.0028615279918816185
2021-06-13,2370.37,0.05824407160063617,0.05555254413838147
2021-06-14,2510.57,0.028156952405230706,0.02546542494297601
2021-06-15,2580.46,-0.01423777156010953,-0.016929299022364227
2021-06-16,2542.01,-0.06830421595509069,-0.07099574341734538
2021-06-17,2367.17,0.0025219988424996093,-0.00016952861975508791
2021-06-18,2369.74,-0.06051718753956124,-0.06320871500181593
2021-06-19,2233.4,-0.03071102355153584,-0.033402551013790534
2021-06-20,2164.09,0.03619073143908049,0.03349920397682579
2021-06-21,2244.54,-0.15712796385896446,-0.15981949132121917
2021-06-22,1887.14,-0.0045041703318248775,-0.007195697794079575
2021-06-23,1878.77,0.047515129579458894,0.044823602117204195
2021-06-24,1969.77,0.009092432111363298,0.006400904649108601
2021-06-25,1990.56,-0.09061771561771556,-0.09330924307997025
2021-06-26,1809.46,0.010627480021663931,0.007935952559409234
2021-06-27,1831.4,0.08277820246805717,0.08008667500580248
2021-06-28,1983.02,0.05007009510746234,0.04737856764520764
2021-06-29,2083.3,0.03867421878750046,0.03598269132524576
2021-06-30,2164.65,0.051038274085879944,0.048346746623625245
2021-07-01,2276.42,-0.07466109065989582,-0.07735261812215051
2021-07-02,2108.29,0.022098477913380106,0.019406950451125407
2021-07-03,2154.97,0.03350858712650294,0.03081705966424824
2021-07-04,2227.74,0.042846113101169925,0.040154585638915226
2021-07-05,2321.32,-0.0540037564833802,-0.056695283945634896
2021-07-06,2197.18,0.05825194112453247,0.05556041366227777
2021-07-07,2322.26,-0.002958325079879232,-0.005649852542133929
2021-07-08,2314.08,-0.08653114844776316,-0.08922267591001785
2021-07-09,2114.1,0.015462844709332603,0.012771317247077906
2021-07-10,2148.04,-0.017406565985735773,-0.02009809344799047
2021-07-11,2111.49,0.013208682020753273,0.010517154558498576
2021-07-12,2139.23,-0.049952553021414305,-0.052644080483669004
2021-07-13,2032.16,-0.044962010865286256,-0.047653538327540955
2021-07-14,1942.58,0.026634681711950093,0.023943154249695398
2021-07-15,1995.67,-0.03983624547144568,-0.04252777293370038
2021-07-16,1919.16,-0.022280581087559134,-0.024972108549813833
2021-07-17,1875.5,0.012124766728872305,0.009433239266617608
2021-07-18,1899.16,-0.004238716063944155,-0.006930243526198852
2021-07-19,1890.0,-0.03858201058201062,-0.04127353804426532
2021-07-20,1819.1,-0.017745038755428495,-0.020436566217683194
2021-07-21,1787.35,0.11642375583965096,0.11373222837739627
2021-07-22,1995.69,0.014536325782060336,0.011844798319805639
2021-07-23,2025.93,0.048185277872384594,0.045493750410129895
2021-07-24,2125.81,0.027791759376425893,0.025100231914171198
2021-07-25,2185.84,0.001486842586831607,-0.0012046848754230903
2021-07-26,2190.68,0.01707688936768506,0.014385361905430364
2021-07-27,2228.09,0.03353993779425428,0.03084841033199958
2021-07-28,2299.9,0.0001347884690638486,-0.0025567389931908484
2021-07-29,2300.58,0.03583878847942705,0.03314726101717235
2021-07-30,2382.98,0.03245516118473514,0.02976363372248044
2021-07-31,2461.5,0.028238878732480283,0.025547351270225588
2021-08-01,2531.88,0.009838538951293052,0.007147011489038355
2021-08-02,2555.98,0.019773237662266515,0.01708171020001182
2021-08-03,2606.55,-0.03758991770731427,-0.04028144516956897
2021-08-04,2508.74,0.08644977159849172,0.08375824413623703
2021-08-05,2725.39,0.03766066507912641,0.03496913761687171
2021-08-06,2828.0,0.02273338048090522,0.020041853018650524
2021-08-07,2892.86,0.09225818048574762,0.08956665302349293
2021-08-08,3161.32,-0.047027823820429464,-0.04971935128268416
2021-08-09,3011.38,0.05025934953410061,0.047567822071845914
2021-08-10,3162.58,-0.006529479096180995,-0.009221006558435692
2021-08-11,3141.14,0.0063925835843037645,0.0037010561220490673
2021-08-12,3160.33,-0.036686042280394786,-0.039377569742649485
2021-08-13,3048.07,0.08987982559455657,0.08718829813230188
2021-08-14,3325.22,-0.01830856304244521,-0.021000090504699906
2021-08-15,3267.97,0.012178814371001014,0.009487286908746317
2021-08-16,3309.7,-0.04893494878689913,-0.05162647624915383
2021-08-17,3146.06,-0.04255481459349158,-0.04524634205574628
2021-08-18,3012.18,0.00043490096873359014,-0.002256626493521107
2021-08-19,3013.35,0.056986410473393485,0.054294883011138786
2021-08-20,3185.49,0.031059585809404537,0.028368058347149838
2021-08-21,3285.19,-0.01835510274900392,-0.02104663021125862
2021-08-22,3223.2,0.005522462149416785,0.002830934687162088
2021-08-23,3239.1,0.026198635423420127,0.02350710796116543
2021-08-24,3320.68,-0.04515942517797561,-0.04785095264023031
2021-08-25,3169.39,0.018404172411725893,0.015712644949471194
2021-08-26,3226.75,-0.041459673045634214,-0.04415120050788891
2021-08-27,3094.31,0.058542938490325824,0.055851411028071125
2021-08-28,3274.38,-0.009333064580164778,-0.012024592042419475
2021-08-29,3245.15,-0.006609863950818998,-0.009301391413073696
2021-08-30,3223.09,0.0020104930361857774,-0.0006810344260689198
2021-08-31,3227.66,0.06300229887906421,0.06031077141680951
2021-09-01,3430.01,0.11667021378946411,0.11397868632720942
2021-09-02,3827.23,-0.01061080729404821,-0.013302334756302906
2021-09-03,3787.9,0.039090261094537795,0.036398733632283096
2021-09-04,3937.83,-0.013461728921766497,-0.016153256384021195
2021-09-05,3886.26,0.01630101948917466,0.013609492026919962
2021-09-06,3949.6,-0.005843629734656656,-0.008535157196911353
2021-09-07,3926.59,-0.12554659386388706,-0.12823812132614176
2021-09-08,3433.78,0.01815200740874486,0.015460479946490161
2021-09-09,3499.04,-0.02132870730257445,-0.024020234764829146
2021-09-10,3424.41,-0.06272905405602716,-0.06542058151828185
2021-09-11,3209.29,0.017293544678106374,0.014602017215851677
2021-09-12,3266.36,0.042864228070390205,0.040172700608135506
2021-09-13,3405.25,-0.03544526833565812,-0.03813679579791282
2021-09-14,3285.4,0.045674803676873425,0.042983276214618726
2021-09-15,3434.45,0.05238684505524904,0.049695317592994344
2021-09-16,3616.61,-0.013120021235355836,-0.015811548697610533
2021-09-17,3568.28,-0.04793065566603523,-0.05062218312828993
2021-09-18,3402.76,0.009401191973574329,0.006709664511319631
2021-09-19,3436.0,-0.0316181606519208,-0.0343096881141755
2021-09-20,3328.28,-0.10576934632903487,-0.10846087379128956
2021-09-21,2979.22,-0.07144823141627664,-0.07413975887853133
2021-09-22,2764.89,0.11326309545768559,0.1105715679954309
2021-09-23,3076.59,0.025160973675400315,0.022469446213145616
2021-09-24,3148.85,-0.07076869333248637,-0.07346022079474106
2021-09-25,2927.04,-0.0010932546190007032,-0.0037847820812554004
2021-09-26,2921.98,0.04740963319393021,0.04471810573167551
2021-09-27,3059.3,-0.043274605301866546,-0.045966132764121245
2021-09-28,2922.83,-0.039530181365320584,-0.04222170882757528
2021-09-29,2805.97,0.015691543387848124,0.013000015925593427
2021-09-30,2850.47,0.05242995014857209,0.04973842268631739
2021-10-01,2999.92,0.10336942318461823,0.10067789572236353
2021-10-02,3310.05,0.024150692587725137,0.021459165125470442
2021-10-03,3389.99,0.007589992890834492,0.004898465428579795
2021-10-04,3416.89,-0.00997983546441352,-0.012671362926668216
2021-10-05,3387.18,0.03745888910539154,0.03476736164313684
2021-10-06,3515.57,0.01686497495427483,0.014173447492020133
2021-10-07,3575.25,0.003113069016152747,0.0004215415538980499
2021-10-08,3585.99,-0.006544915072267296,-0.009236442534521994
2021-10-09,3563.06,0.0025932765656486944,-9.82508966060028e-05
2021-10-10,3575.88,-0.04503506829088223,-0.04772659575313693
2021-10-11,3415.12,0.03704408629857815,0.03435255883632345
2021-10-12,3541.0,-0.014628635978537188,-0.017320163440791885
2021-10-13,3490.16,0.03324202901872693,0.03055050155647223
2021-10-14,3608.56,0.050491054603498425,0.047799527141243726
2021-10-15,3790.94,0.020192880921354527,0.017501353459099832
2021-10-16,3870.39,-0.011060900839450273,-0.01375242830170497
2021-10-17,3827.82,0.0042922603466202264,0.0016007328843655293
2021-10-18,3848.2,-0.025786081804480023,-0.02847760926673472
2021-10-19,3747.29,0.034363500022683055,0.031671972560428356
2021-10-20,3878.82,0.07327228383889935,0.07058075637664465
2021-10-21,4159.06,-0.025635600352002696,-0.02832712781425739
2021-10-22,4052.47,-0.019864428360974913,-0.022555955823229612
2021-10-23,3971.97,0.04981407211031305,0.04712254464805835
2021-10-24,4170.04,-0.020752798534306616,-0.023444325996561315
2021-10-25,4083.5,0.033571690951389774,0.030880163489135075
2021-10-26,4222.79,-0.02187653186637273,-0.024568059328627427
2021-10-27,4130.82,-0.05093661791121372,-0.05362814537346842
2021-10-28,3922.37,0.0925639345599726,0.0898724070977179
2021-10-29,4284.52,0.03137340939008317,0.028681881927828473
2021-10-30,4419.19,-0.022090021021951962,-0.02478154848420666
2021-10-31,4322.38,-0.008520768650604511,-0.011212296112859208
2021-11-01,4289.25,0.007157428454858033,0.0044659009926033355
2021-11-02,4318.39,0.06289612563941646,0.06020459817716176
2021-11-03,4591.46,0.0024218875913108013,-0.0002696398709438959
2021-11-04,4604.91,-0.015274999945710155,-0.017966527407964852
2021-11-05,4533.46,-0.01319521954533617,-0.015886747007590865
2021-11-06,4472.94,0.01023935040487916,0.007547822942624462
2021-11-07,4519.64,0.021309219318352675,0.018617691856097976
2021-11-08,4613.65,0.04247396313114347,0.03978243566888877
2021-11-09,4806.11,-0.01566755650619717,-0.018359083968451866
2021-11-10,4734.48,-0.021820770179618355,-0.02451229764187305
2021-11-11,4628.45,0.020112564681480875,0.01742103721922618
2021-11-12,4718.55,-0.010596475612211378,-0.013288003074466075
2021-11-13,4665.53,-0.0046789968127951016,-0.007370524275049799
2021-11-14,4641.76,-0.0032767743269794293,-0.0059683017892341265
2021-11-15,4627.05,-0.014298527139321998,-0.016990054601576696
2021-11-16,4561.14,-0.077360045953424,-0.08005157341567869
2021-11-17,4206.81,0.019539746268550234,0.016848218806295535
2021-11-18,4288.42,-0.06803671282197173,-0.07072824028422642
2021-11-19,3995.92,0.0751691725560071,0.0724776450937524
2021-11-20,4294.7,0.027075232263021807,0.02438370480076711
2021-11-21,4414.02,-0.03466681165921324,-0.03735833912146794
2021-11-22,4259.63,-0.04088852787683439,-0.04358005533908909
2021-11-23,4083.68,0.06320034870508967,0.06050882124283497
2021-11-24,4344.64,-0.016321260219489014,-0.019012787681743713
2021-11-25,4271.09,0.0588749007864503,0.0561833733241956
2021-11-26,4524.24,-0.10676931374109237,-0.10946084120334706
2021-11-27,4039.51,0.013823458785842761,0.011131931323588064
2021-11-28,4093.58,0.04972664513701953,0.04703511767476483
2021-11-29,4296.7,0.03429608769520809,0.03160456023295339
2021-11-30,4445.76,0.04029457280644916,0.03760304534419446
2021-12-01,4621.91,-0.007429828793723839,-0.010121356255978535
2021-12-02,4584.81,-0.015171839181994542,-0.01786336664424924
2021-12-03,4515.02,-0.06621233128535438,-0.06890385874760907
2021-12-04,4214.39,-0.022575034583890034,-0.025266562046144733
2021-12-05,4118.59,0.01825381987524864,0.015562292412993941
2021-12-06,4198.62,0.03554501240883905,0.03285348494658435
2021-12-07,4351.17,-0.009636488576635776,-0.012328016038890473
2021-12-08,4313.57,0.02872794460273047,0.026036417140475776
2021-12-09,4438.76,-0.07535888401265217,-0.07805041147490686
2021-12-10,4104.08,-0.050001461959805864,-0.05269298942206056
2021-12-11,3897.93,0.04894649211248021,0.04625496465022551
2021-12-12,4087.24,0.011085720437263386,0.008394192975008688
2021-12-13,4130.96,-0.08465102542750355,-0.08734255288975824
2021-12-14,3778.83,0.022940963208188794,0.020249435745934095
2021-12-15,3857.8,0.04147959977189071,0.03878807230963601
2021-12-16,4025.59,-0.017652070876567148,-0.020343598338821843
2021-12-17,3959.15,-0.020913579935087124,-0.02360510739734182
2021-12-18,3884.65,0.019111116831632136,0.016419589369377437
2021-12-19,3961.1,-0.010272399081063355,-0.012963926543318053
2021-12-20,3922.2,0.005810514507164338,0.0031189870449096404
2021-12-21,3947.25,0.017642662613211697,0.014951135150957
2021-12-22,4015.15,-0.009257437455636794,-0.011948964917891491
2021-12-23,3978.56,0.033464369017936105,0.030772841555681406
2021-12-24,4112.12,-0.01660700563213135,-0.019298533094386047
2021-12-25,4046.13,0.011388660275374229,0.008697132813119532
2021-12-26,4096.7,-0.00912441721385497,-0.011815944676109667
2021-12-27,4068.58,-0.00759970309051317,-0.010291230552767868
2021-12-28,4037.61,-0.06041940653010079,-0.06311093399235548
2021-12-29,3796.52,-0.0443089987672921,-0.0470005262295468
2021-12-30,3628.96,0.02293218993871517,0.020240662476460475
2021-12-31,3710.7,-0.00956153825423775,-0.012253065716492447
2022-01-01,3678.14,0.023965917556156128,0.021274390093901432
2022-01-02,3766.44,0.01658860887203832,0.013897081409783624
2022-01-03,3827.91,-0.017132064233485095,-0.019823591695739794
2022-01-04,3766.71,0.004452161169827245,0.0017606337075725476
2022-01-05,3787.64,-0.06542596445279909,-0.06811749191505378
2022-01-06,3538.17,-0.03637756241220745,-0.03906908987446215
2022-01-07,3406.36,-0.06167874211768571,-0.06437026957994041
2022-01-08,3199.83,-0.03718635052487157,-0.03987787798712627
2022-01-09,3081.65,0.021971995521879523,0.019280468059624828
2022-01-10,3147.16,-0.02027542292098271,-0.022966950383237407
2022-01-11,3085.13,0.04976775695027437,0.04707622948801967
2022-01-12,3245.62,0.0381591190589163,0.0354675915966616
2022-01-13,3369.73,-0.03875978194098641,-0.041451309403241106
2022-01-14,3239.22,0.020754996573249123,0.018063469110994428
2022-01-15,3310.05,0.005033156598842873,0.002341629136588176
2022-01-16,3325.96,0.00594114180567408,0.003249614343419383
2022-01-17,3347.78,-0.040713547485199196,-0.043405074947453895
2022-01-18,3210.62,-0.015296111031514062,-0.01798763849376876
2022-01-19,3160.0,-0.024452531645569615,-0.02714405910782431
2022-01-20,3086.04,-0.02572552526862901,-0.028417052730883706
2022-01-21,3000.53,-0.14313138012284504,-0.14582290758509975
2022-01-22,2567.77,-0.06005210747068461,-0.0627436349329393
2022-01-23,2412.98,0.05299256520982349,0.05030103774756879
2022-01-24,2540.18,-0.03819414372209843,-0.04088567118435313
2022-01-25,2440.41,0.007224195934289775,0.004532668472035078
2022-01-26,2455.97,0.0020114252209921355,-0.0006801022412625617
2022-01-27,2460.07,-0.014198782961460564,-0.016890310423715263
2022-01-28,2425.0,0.049913402061855655,0.047221874599600956
2022-01-29,2544.81,0.022260993944538135,0.019569466482283436
2022-01-30,2601.88,-0.00031515673282402095,-0.0030066841950787183
2022-01-31,2603.03,0.03219325171050649,0.029501724248251794
2022-02-01,2684.65,0.038407241167377544,0.035715713705122845
2022-02-02,2787.76,-0.038005423709358145,-0.040696951171612844
2022-02-03,2681.81,0.0036095025374653076,0.0009179750752106104
2022-02-04,2695.85,0.10992451360424361,0.10723298614198892
2022-02-05,2997.02,0.006506463086666088,0.003814935624411391
2022-02-06,3020.23,0.012356674822778451,0.009665147360523754
2022-02-07,3056.99,0.026663482706845695,0.023971955244590996
2022-02-08,3147.67,-0.01040769839277949,-0.013099225855034187
2022-02-09,3116.77,0.038536690227382875,0.035845162765128176
2022-02-10,3242.28,-0.052185499093230774,-0.05487702655548547
2022-02-11,3072.58,-0.047429196310592406,-0.050120723772847105
2022-02-12,2926.85,-0.003484975314758125,-0.0061765027770128225
2022-02-13,2914.07,-0.014725109554677927,-0.017416637016932624
2022-02-14,2872.87,0.021574244570760258,0.01888271710850556
2022-02-15,2934.85,0.08523433906332524,0.08254281160107055
2022-02-16,3186.07,-0.020520578643909302,-0.023212106106163997
2022-02-17,3123.31,-0.07300588158075887,-0.07569740904301356
2022-02-18,2890.8,-0.03653659886536611,-0.03922812632762081
2022-02-19,2780.87,-0.007289085789698901,-0.009980613251953598
2022-02-20,2760.86,-0.05147309171779812,-0.05416461918005282
2022-02-21,2622.16,-0.02068905024864997,-0.023380577710904668
2022-02-22,2574.93,0.02308800627589887,0.020396478813644175
2022-02-23,2638.39,-0.023665947793919798,-0.026357475256174497
2022-02-24,2578.77,0.00777114670947776,0.005079619247223063
2022-02-25,2598.93,0.06528455941483614,0.06259303195258145
2022-02-26,2768.71,0.003402306489303709,0.0007107790270490118
2022-02-27,2779.63,-0.059184136018103205,-0.061875663480357904
2022-02-28,2617.69,0.11645381997104322,0.11376229250878853
2022-03-01,2920.86,0.0187581739624631,0.0160666465002084
2022-03-02,2973.25,-0.008374674178087982,-0.01106620164034268
2022-03-03,2945.97,-0.03739685061287101,-0.04008837807512571
2022-03-04,2835.63,-0.07569746405560672,-0.07838899151786141
2022-03-05,2619.23,0.018074014118653246,0.015382486656398549
2022-03-06,2664.61,-0.043724972885337894,-0.04641650034759259
2022-03-07,2546.44,-0.020263583669750673,-0.022955111132005372
2022-03-08,2495.63,0.03257293749474079,0.029881410032486094
2022-03-09,2576.14,0.060245173010783686,0.05755364554852899
2022-03-10,2731.48,-0.045766397703809004,-0.0484579251660637
2022-03-11,2605.92,-0.019041259900534124,-0.021732787362788823
2022-03-12,2556.27,0.005883572549065617,0.0031920450868109197
2022-03-13,2567.77,-0.019339738372206178,-0.022031265834460877
2022-03-14,2512.82,0.030690618508289445,0.02799909104603475
2022-03-15,2590.85,0.011150780631838922,0.008459253169584225
2022-03-16,2620.02,0.059659849924809716,0.05696832246255502
2022-03-17,2776.81,0.013313838541347897,0.0106223110790932
2022-03-18,2809.75,0.04629593380193965,0.04360440633968495
2022-03-19,2940.69,0.0039378513206084036,0.0012463238583537064
2022-03-20,2953.44,-0.032369034075518686,-0.035060561537773385
2022-03-21,2861.43,0.011602590313235087,0.00891106285098039
2022-03-22,2889.34,0.02820367281109173,0.025512145348837036
2022-03-23,2967.9,0.02264564169951819,0.019954114237263496
2022-03-24,3036.76,0.024111223804317693,0.021419696342062998
2022-03-25,3109.98,-0.0008392336928212166,-0.003530761155075914
2022-03-26,3101.64,0.014753485252963019,0.012061957790708322
2022-03-27,3146.52,0.04795774379314293,0.04526621633088823
2022-03-28,3293.99,0.011390441379603593,0.008698913917348896
2022-03-29,3331.34,0.02093451884226761,0.01824299138001291
2022-03-30,3395.89,-0.003236265014473314,-0.005927792476728011
2022-03-31,3386.1,-0.02909246625911809,-0.031783993721372784
2022-04-01,3279.53,0.053285074385658916,0.05059354692340422
2022-04-02,3449.86,-0.002266758651075743,-0.00495828611333044
2022-04-03,3446.33,0.021350247944915295,0.018658720482660596
2022-04-04,3520.64,-0.0004118569351026569,-0.0031033843973573543
2022-04-05,3520.95,-0.03164486857240223,-0.03433639603465693
2022-04-06,3405.69,-0.06993590138855851,-0.0726274288508132
2022-04-07,3165.15,0.020472963366665,0.017781435904410302
2022-04-08,3226.69,-0.00995757262085918,-0.012649100083113877
2022-04-09,3196.82,0.01913776815710607,0.016446240694851372
2022-04-10,3261.4,-0.018725087385785294,-0.021416614848039993
2022-04-11,3200.5,-0.069457897203562,-0.0721494246658167
2022-04-12,2981.91,0.01572482066863196,0.013033293206377262
2022-04-13,3027.09,0.03026338827058319,0.02757186080832849
2022-04-14,3112.44,-0.03005037848119167,-0.032741905943446364
2022-04-15,3022.36,0.0062964041345173125,0.0036048766722626153
2022-04-16,3040.65,0.005850722707315858,0.0031591952450611607
2022-04-17,3060.08,-0.02352879663276777,-0.026220324095022465
2022-04-18,2987.32,0.022816437475730707,0.020124910013476008
2022-04-19,3055.17,0.015531050645299548,0.01283952318304485
2022-04-20,3100.81,-0.007872136635266222,-0.010563664097520919
2022-04-21,3076.45,-0.029618553852654814,-0.03231008131490951
2022-04-22,2983.53,-0.006891165833760813,-0.00958269329601551
2022-04-23,2963.0,-0.010458994262571644,-0.013150521724826341
2022-04-24,2930.46,-0.00402667158057103,-0.0067181990428257276
2022-04-25,2923.68,0.027951075357084312,0.025259547894829613
2022-04-26,3007.12,-0.0655677192795765,-0.06825924674183119
2022-04-27,2810.8,0.027661164081400312,0.024969636619145613
2022-04-28,2888.55,0.016946218691038694,0.014254691228783997
2022-04-29,2937.65,-0.0417204227869215,-0.0444119502491762
2022-04-30,2816.65,-0.03147000869827628,-0.03416153616053098
2022-05-01,2727.09,0.03560938582885041,0.03291785836659571
2022-05-02,2827.58,0.009994412182856089,0.007302884720601392
2022-05-03,2857.44,-0.026807212049946773,-0.02949873951220147
2022-05-04,2780.84,0.05747543907596263,0.05478391161370793
2022-05-05,2940.64,-0.06606044942597522,-0.06875197688822991
2022-05-06,2748.75,-0.019845384265575326,-0.022536911727830025
2022-05-07,2692.46,-0.02110709165595772,-0.02379861911821242
2022-05-08,2635.18,-0.04200851554732497,-0.04470004300957967
2022-05-09,2521.42,-0.11412220098198633,-0.11681372844424102
2022-05-10,2229.02,0.05085194390359885,0.04816041644134415
2022-05-11,2339.74,-0.10820433039568483,-0.11089585785793953
2022-05-12,2086.32,-0.06126576939299827,-0.06395729685525296
2022-05-13,1957.2,0.02519415491518493,0.022502627452930232
2022-05-14,2012.11,0.021663825536377197,0.0189722980741225
2022-05-15,2056.77,0.043383557714280166,0.04069203025202547
2022-05-16,2143.66,-0.056846701435861985,-0.059538228898116684
2022-05-17,2022.78,0.033063407785325086,0.030371880323070387
2022-05-18,2091.25,-0.08468141063956959,-0.08737293810182428
2022-05-19,1915.64,0.05442045478273579,0.051728927320481094
2022-05-20,2018.88,-0.02996711047709621,-0.03265863793935091
2022-05-21,1960.76,0.00756849384932369,0.004876966387068993
2022-05-22,1975.1,0.03411979140296699,0.03142826394071229
2022-05-23,2043.24,-0.03418100663651843,-0.03687253409877313
2022-05-24,1972.56,0.00355375755363588,0.0008622300913811829
2022-05-25,1979.42,-0.018656980327570735,-0.02134850778982543
2022-05-26,1943.1,-0.07709845092892798,-0.07978997839118267
2022-05-27,1790.71,-0.03669494222961844,-0.039386469691873136
2022-05-28,1727.53,0.03740021880951424,0.03470869134725954
2022-05-29,1792.58,0.011129210411808704,0.008437682949554007
2022-05-30,1813.64,0.10170706424648762,0.09901553678423293
2022-05-31,1999.35,-0.029299522344762012,-0.03199104980701671
2022-06-01,1942.55,-0.06401379629867952,-0.06670532376093422
2022-06-02,1816.71,0.00950069080921005,0.006809163346955353
2022-06-03,1835.59,-0.032616216039529466,-0.035307743501784165
2022-06-04,1775.25,0.016932826362484128,0.01424129890022943
2022-06-05,1803.99,0.000814860392795984,-0.0018766670694587131
2022-06-06,1805.56,0.028788852212056106,0.026097324749801407
2022-06-07,1857.46,-0.023908994002562682,-0.02660052146481738
2022-06-08,1813.67,-0.011644896811437646,-0.014336424273692343
2022-06-09,1793.64,-0.0035737383198412623,-0.00626526578209596
2022-06-10,1787.11,-0.06937457683074898,-0.07206610429300367
2022-06-11,1663.14,-0.07851413591158901,-0.0812056633738437
2022-06-12,1533.13,-0.0629105163945654,-0.06560204385682009
2022-06-13,1433.86,-0.15585900994518279,-0.1585505374074375
2022-06-14,1208.63,-0.0013320867428411732,-0.004023614205095871
2022-06-15,1207.79,0.026436714991844662,0.023745187529589963
2022-06-16,1237.49,-0.13617079733977647,-0.13886232480203117
2022-06-17,1069.33,0.015888453517623195,0.013196926055368497
2022-06-18,1086.98,-0.0832858010266978,-0.0859773284889525
2022-06-19,995.76,0.1338475134570579,0.1311559859948032
2022-06-20,1127.8,0.0001684695868062197,-0.0025230578754484776
2022-06-21,1127.49,-0.002270530115566387,-0.004962057577821084
2022-06-22,1126.43,-0.06859724971813604,-0.07128877718039073
2022-06-23,1050.64,0.08939313180537561,0.08670160434312092
2022-06-24,1144.19,0.07008451393562262,0.06739298647336793
2022-06-25,1225.27,0.012903278461073841,0.010211750998819144
2022-06-26,1242.11,-0.03512571350363485,-0.03781724096588955
2022-06-27,1197.63,-0.004567353857201329,-0.007258881319456026
2022-06-28,1192.34,-0.040055688813593435,-0.042747216275848134
2022-06-29,1143.71,-0.038462547324059425,-0.041154074786314124
2022-06-30,1100.01,-0.026281579258370453,-0.02897310672062515
2022-07-01,1071.0,-0.011886087768440726,-0.014577615230695423
2022-07-02,1059.5,0.006370929683813119,0.003679402221558422
2022-07-03,1067.81,0.005768816549760802,0.003077289087506105
2022-07-04,1074.83,0.07078328665928581,0.06809175919703112
2022-07-05,1150.27,-0.015239900197344948,-0.017931427659599646
2022-07-06,1133.3,0.047233742168887295,0.044542214706632596
2022-07-07,1186.23,0.042681436146447045,0.039989908684192346
2022-07-08,1238.15,-0.01931914549933374,-0.022010672961588436
2022-07-09,1214.1,0.002281525409768538,-0.0004100020524861591
2022-07-10,1217.25,-0.04158554117888674,-0.04427706864114144
2022-07-11,1167.69,-0.06034135772336839,-0.06303288518562308
2022-07-12,1095.46,-0.05303708031329317,-0.05572860777554787
2022-07-13,1038.81,0.07364195569930979,0.0709504282370551
2022-07-14,1114.19,0.07109200405675875,0.06840047659450406
2022-07-15,1192.5,0.03241928721174011,0.02972775974948541
2022-07-16,1231.37,0.10141549656074139,0.0987239690984867
2022-07-17,1355.54,-0.012769818670050273,-0.01546134613230497
2022-07-18,1338.93,0.1809803350436542,0.1782888075813995
2022-07-19,1583.79,-0.026019863744562118,-0.028711391206816816
2022-07-20,1541.99,-0.013845744784337064,-0.01653727224659176
2022-07-21,1521.15,0.03602537553824406,0.03333384807598936
2022-07-22,1575.09,-0.02506523436755996,-0.02775676182981466
2022-07-23,1535.16,0.009328017926470164,0.0066364904642154665
2022-07-24,1549.06,0.03163208655571766,0.028940559093462964
2022-07-25,1597.74,-0.09832638602025355,-0.10101791348250824
2022-07-26,1440.74,0.005219539958632357,0.00252801249637766
2022-07-27,1450.21,0.12898821549982412,0.1262966880375694
2022-07-28,1637.36,0.053018273318024244,0.050326745855769545
2022-07-29,1724.24,-0.001989282234491755,-0.004680809696746452
2022-07-30,1722.32,-0.014828835524176671,-0.01752036298643137
2022-07-31,1697.87,-0.011426080913144036,-0.014117608375398733
2022-08-01,1678.2,-0.02904302228578239,-0.031734549748037084
2022-08-02,1628.51,0.0013202252365659966,-0.0013713022256887006
2022-08-03,1629.97,-0.006582943244354202,-0.0092744707066089
2022-08-04,1620.46,-0.0070226972588031235,-0.009714224721057822
2022-08-05,1608.53,0.0807383138642115,0.07804678640195681
2022-08-06,1737.93,-0.027055174834429454,-0.02974670229668415
2022-08-07,1690.71,0.006269555393887721,0.0035780279316330234
2022-08-08,1699.98,0.04647113495452888,0.04377960749227418
2022-08-09,1777.62,-0.042163116976631575,-0.044854644438886274
2022-08-10,1702.71,0.08882898438371772,0.08613745692146303
2022-08-11,1853.67,0.014927144529500853,0.012235617067246156
2022-08-12,1881.13,0.04172492065939078,0.03903339319713608
2022-08-13,1958.71,0.012758397108300876,0.01006686964604618
2022-08-14,1981.97,-0.023310140920397404,-0.026001668382652103
2022-08-15,1935.91,-0.01900398262315923,-0.021695510085413927
2022-08-16,1898.84,-0.01158075456594553,-0.014272282028200228
2022-08-17,1877.02,-0.022477117984890972,-0.02516864544714567
2022-08-18,1835.08,0.005612834317850002,0.002921306855595305
2022-08-19,1846.04,-0.1278520508764707,-0.1305435783387254
2022-08-20,1608.68,-0.02064425491707489,-0.023335782379329588
2022-08-21,1577.09,0.02606065601836302,0.023369128556108322
2022-08-22,1616.8,0.004991340920336428,0.002299813458081731
2022-08-23,1625.61,0.0242370556283488,0.021545528166094105
2022-08-24,1665.61,-0.005523501900204621,-0.008215029362459318
2022-08-25,1655.82,0.024736988319986494,0.022045460857731798
2022-08-26,1694.24,-0.10952403437529508,-0.11221556183754977
2022-08-27,1506.92,-0.009403286173121382,-0.01209481363537608
2022-08-28,1491.44,-0.04474869924368396,-0.04744022670593866
2022-08-29,1426.17,0.08871312676609379,0.0860215993038391
2022-08-30,1552.2,-0.018489885324056207,-0.021181412786310902
2022-08-31,1525.4,0.018985184213976537,0.01629365675172184
2022-09-01,1553.81,0.02011185408769412,0.017420326625439422
2022-09-02,1586.38,-0.006549502641233562,-0.00924103010348826
2022-09-03,1574.15,-0.0114410951942318,-0.014132622656486498
2022-09-04,1555.7,0.014000128559490886,0.01130860109723619
2022-09-05,1579.12,0.02405137038350475,0.021359842921250052
2022-09-06,1617.25,-0.03710619879424949,-0.03979772625650419
2022-09-07,1559.71,0.04489937231921317,0.04220784485695847
2022-09-08,1630.46,0.002753824074187658,6.229661193296078e-05
2022-09-09,1635.52,0.05062610056740361,0.04793457310514891
2022-09-10,1716.77,0.03369117587096694,0.030999648408712242
2022-09-11,1774.6,-0.00424884481009803,-0.006940372272352727
2022-09-12,1766.71,-0.028499300960542553,-0.031190828422797252
2022-09-13,1715.47,-0.0828111246480556,-0.08550265211031029
2022-09-14,1574.82,0.04036016814620095,0.03766864068394625
2022-09-15,1637.41,-0.10095822060449133,-0.10364974806674603
2022-09-16,1475.0,-0.02852203389830504,-0.031213561360559736
2022-09-17,1432.55,0.02540225472060319,0.022710727258348495
2022-09-18,1468.98,-0.09159416738144832,-0.09428569484370301
2022-09-19,1335.24,0.030653665258680136,0.027962137796425438
2022-09-20,1378.54,-0.04012215822536883,-0.04281368568762353
2022-09-21,1320.75,-0.05664963089153885,-0.05934115835379355
2022-09-22,1244.86,0.06573429943929451,0.06304277197703982
2022-09-23,1327.09,0.000535005161669545,-0.0021565223005851524
2022-09-24,1327.77,-0.00774230476663878,-0.010433832228893478
2022-09-25,1318.83,-0.018395092619973758,-0.021086620082228454
2022-09-26,1294.02,0.03343070431678026,0.03073917685452556
2022-09-27,1336.02,-0.005344231373781734,-0.008035758836036432
2022-09-28,1330.11,0.005608558690634637,0.0029170312283799396
2022-09-29,1337.33,-0.0006879379061262706,-0.003379465368380968
2022-09-30,1336.19,-0.00576265351484448,-0.008454180977099178
2022-10-01,1328.22,-0.012580747165379257,-0.015272274627633954
2022-10-02,1311.0,-0.026384439359267674,-0.029075966821522373
2022-10-03,1277.31,0.03562956525823801,0.03293803779598331
2022-10-04,1323.19,0.028703360817418522,0.026011833355163827
2022-10-05,1361.0,-0.006216017634092606,-0.008907545096347303
2022-10-06,1352.55,-0.00019962293445712308,-0.0028911503967118204
2022-10-07,1351.97,-0.01488938364016961,-0.01758091110242431
2022-10-08,1331.15,-0.012230026668670096,-0.014921554130924794
2022-10-09,1313.6,0.006912302070645672,0.004220774608390975
2022-10-10,1323.22,-0.024523510829642874,-0.027215038291897573
2022-10-11,1287.93,-0.006017407778373048,-0.008708935240627744
2022-10-12,1279.59,0.01144116474808345,0.008749637285828752
2022-10-13,1294.11,-0.004790937400993593,-0.00748246486324829
2022-10-14,1286.53,0.008892136211359281,0.006200608749104584
2022-10-15,1297.0,-0.017694680030840435,-0.02038620749309513
2022-10-16,1275.99,0.024208653672834504,0.021517126210579808
2022-10-17,1305.73,0.018863011495485194,0.016171484033230495
2022-10-18,1331.33,-0.015668541984331385,-0.01836006944658608
2022-10-19,1310.62,-0.019479330393248978,-0.022170857855503677
2022-10-20,1284.46,-0.001611572178191564,-0.0043030996404462615
2022-10-21,1283.06,0.01266503515034371,0.009973507688089012
2022-10-22,1298.76,0.01116449536480951,0.008472967902554814
2022-10-23,1313.25,0.03778412335808101,0.03509259589582631
2022-10-24,1363.63,-0.014732735419432062,-0.01742426288168676
2022-10-25,1344.86,0.08503487351843325,0.08234334605617856
2022-10-26,1462.14,0.07099183388731582,0.06830030642506113
2022-10-27,1564.77,-0.03307834378215328,-0.03576987124440798
2022-10-28,1512.35,0.02830693953119329,0.025615412068938595
2022-10-29,1554.57,0.042191731475584984,0.039500204013330285
2022-10-30,1619.49,-0.017394364892651434,-0.020085892354906133
2022-10-31,1590.65,-0.010593153742180955,-0.013284681204435652
2022-11-01,1573.34,0.00441099825848199,0.0017194707962272932
2022-11-02,1579.05,-0.038219182419809324,-0.04091070988206402
2022-11-03,1518.82,0.00664989926390233,0.003958371801647632
2022-11-04,1530.4,0.07472556194458958,0.07203403448233489
2022-11-05,1644.76,-0.01068240959167291,-0.013373937053927608
2022-11-06,1626.06,-0.0351770537372545,-0.0378685811995092
2022-11-07,1566.96,0.0010083218461223818,-0.0016832056161323154
2022-11-08,1567.62,-0.14876054145775114,-0.15145206892000584
2022-11-09,1334.7,-0.17441372593092078,-0.17710525339317548
2022-11-10,1100.41,0.1808507738024918,0.17815924634023708
2022-11-11,1297.49,-0.007337243446962969,-0.010028770909217666
2022-11-12,1287.66,-0.024268828728080394,-0.026960356190335093
2022-11-13,1256.96,-0.026198128818737322,-0.02888965628099202
2022-11-14,1221.18,0.017892530175731593,0.015201002713476896
2022-11-15,1244.51,0.007504961792191239,0.004813434329936542
2022-11-16,1251.8,-0.02831123182617036,-0.03100275928842506
2022-11-17,1217.03,-0.013836963756028954,-0.01652849121828365
2022-11-18,1199.79,0.011176955967294346,0.008485428505039649
2022-11-19,1213.1,0.003989778254059967,0.0012982507918052697
2022-11-20,1217.17,-0.06172514932178751,-0.06441667678404221
2022-11-21,1142.0,-0.028581436077057883,-0.03127296353931258
2022-11-22,1105.85,0.030808880047022803,0.028117352584768107
2022-11-23,1140.43,0.03838026007733923,0.03568873261508453
2022-11-24,1184.57,0.015575272039643116,0.012883744577388419
2022-11-25,1203.16,-0.003657036470627423,-0.00634856393288212
2022-11-26,1198.58,0.00528959268467699,0.0025980652224222925
2022-11-27,1205.19,-0.009425899650677591,-0.012117427112932289
2022-11-28,1194.92,-0.022419910956381985,-0.02511143841863668
2022-11-29,1167.25,0.04208181623473968,0.03939028877248498
2022-11-30,1217.53,0.06247895329067862,0.05978742582842392
2022-12-01,1296.18,-0.01518307642457071,-0.017874603886825408
2022-12-02,1275.64,0.014588755448245507,0.01189722798599081
2022-12-03,1296.73,-0.04358656003948392,-0.04627808750173862
2022-12-04,1240.41,0.03194105174901838,0.02924952428676368
2022-12-05,1279.28,-0.015141329497842452,-0.01783285696009715
2022-12-06,1259.95,0.008317790388507494,0.005626262926252797
2022-12-07,1272.17,-0.032550681119661744,-0.03524220858191644
2022-12-08,1231.81,0.03902387543533513,0.03633234797308043
2022-12-09,1280.2,-0.013427589439150175,-0.01611911690140487
2022-12-10,1262.88,0.0027160141897882902,2.4486727533593045e-05
2022-12-11,1266.34,-0.002708593268790243,-0.00540012073104494
2022-12-12,1262.78,0.009589952327404717,0.0068984248651500196
2022-12-13,1275.0,0.03594509803921563,0.033253570576960934
2022-12-14,1320.81,-0.009963582952884862,-0.012655110415139559
2022-12-15,1307.67,-0.03214113652527011,-0.03483266398752481
2022-12-16,1266.07,-0.07796567330400377,-0.08065720076625846
2022-12-17,1165.97,0.017924989493726135,0.015233462031471438
2022-12-18,1187.84,-0.004091460129310261,-0.006782987591564958
2022-12-19,1183.73,-0.013482804355723042,-0.01617433181797774
2022-12-20,1167.39,0.04337881941767521,0.040687291955420514
2022-12-21,1216.79,-0.002432630116947079,-0.005124157579201776
2022-12-22,1213.34,0.003717012543887114,0.001025485081632417
2022-12-23,1218.02,0.0017897899870281799,-0.0009017374752265173
2022-12-24,1219.91,0.0005902074743218985,-0.002101319987932799
2022-12-25,1220.61,-0.0014828651248145973,-0.004174392587069295
2022-12-26,1219.32,0.007249942590952454,0.004558415128697757
2022-12-27,1228.48,-0.013528913779630208,-0.016220441241884903
2022-12-28,1211.76,-0.0180481283422459,-0.020739655804500594
2022-12-29,1190.57,0.008584123571062623,0.005892596108807926
2022-12-30,1200.66,-0.0006329851914780128,-0.00332451265373271
2022-12-31,1200.38,-0.003607191056165676,-0.006298718518420373
2023-01-01,1195.98,0.0033361761902373026,0.0006446487279826055
2023-01-02,1200.7,0.011118514200049895,0.008426986737795197
2023-01-03,1213.96,0.0005931002668951425,-0.002098427195359555
2023-01-04,1214.85,0.03460509527925274,0.03191356781699804
2023-01-05,1256.93,-0.004693976593764243,-0.0073855040560189406
2023-01-06,1251.59,0.014269848752387066,0.011578321290132369
2023-01-07,1269.37,-0.004167421634354022,-0.006858949096608719
2023-01-08,1264.21,0.019846386280760252,0.017154858818505557
2023-01-09,1290.26,0.02322012617611957,0.020528598713864872
2023-01-10,1320.73,0.011281639699257297,0.0085901122370026
2023-01-11,1335.42,0.04037681029189307,0.03768528282963837
2023-01-12,1390.26,0.018679959144332736,0.015988431682078037
2023-01-13,1415.75,0.024481723468126493,0.021790196005871794
2023-01-14,1450.81,0.06781728827344732,0.06512576081119263
2023-01-15,1549.33,0.0018330504153409187,-0.0008584770469137785
2023-01-16,1551.95,0.0159992267792132,0.013307699316958502
2023-01-17,1576.63,-0.006951535870813086,-0.009643063333067782
2023-01-18,1565.82,-0.03424403826748917,-0.036935565729743866
2023-01-19,1512.34,0.025503524339764976,0.02281199687751028
2023-01-20,1550.81,0.07022781643141332,0.06753628896915863
2023-01-21,1659.04,-0.019517311216124916,-0.02220883867837961
2023-01-22,1626.97,0.0002642949777808218,-0.0024272324844738756
2023-01-23,1627.22,-0.0006083996017748116,-0.003299927064029509
2023-01-24,1625.91,-0.043200423147652704,-0.0458919506099074
2023-01-25,1556.33,0.03544878014302884,0.03275725268077414
2023-01-26,1611.5,-0.006428793049953398,-0.009120320512208095
2023-01-27,1601.35,-0.0023480188590876395,-0.005039546321342337
2023-01-28,1597.39,-0.01588215776986216,-0.01857368523211686
2023-01-29,1572.21,0.04590353705929874,0.04321200959704404
2023-01-30,1644.71,-0.04744909436922008,-0.05014062183147478
2023-01-31,1566.37,0.012015041146089471,0.009323513683834774
2023-02-01,1585.11,0.03532246973396169,0.03263094227170699
2023-02-02,1641.47,0.001175775372075069,-0.001515752090179628
2023-02-03,1643.53,0.012272364970520814,0.009580837508266117
2023-02-04,1663.52,0.0015930075983457313,-0.001098519863908966
2023-02-05,1666.04,-0.022118316486999058,-0.024809843949253757
2023-02-06,1629.43,-0.009389786612496367,-0.012081314074751064
2023-02-07,1614.24,0.034976211715730024,0.032284684253475325
2023-02-08,1670.87,-0.012089510255136438,-0.014781037717391135
2023-02-09,1650.69,-0.06365822777141689,-0.06634975523367158
2023-02-10,1545.62,-0.021046570308355207,-0.023738097770609902
2023-02-11,1513.74,0.016442718036122517,0.01375119057386782
2023-02-12,1538.93,-0.01549778092570821,-0.018189308387962906
2023-02-13,1515.25,-0.006513776604520634,-0.009205304066775331
2023-02-14,1505.89,0.03303694160928089,0.03034541414702619
2023-02-15,1555.67,0.07661007797283474,0.07391855051058005
2023-02-16,1674.44,-0.021398198800793192,-0.024089726263047888
2023-02-17,1638.36,0.0336006738445764,0.0309091463823217
2023-02-18,1693.99,-0.0016824184322220964,-0.004373945894476794
2023-02-19,1691.19,-0.005918909170465761,-0.008610436632720458
2023-02-20,1679.63,0.014074528318736788,0.011383000856482091
2023-02-21,1703.5,-0.025688288817141174,-0.02837981627939587
2023-02-22,1659.88,-0.009874207774056015,-0.012565735236310712
2023-02-23,1643.81,0.0040393962805921006,0.0013478688183374034
2023-02-24,1650.16,-0.025421777282202965,-0.02811330474445766
2023-02-25,1607.39,-0.007621050274046746,-0.010312577736301443
2023-02-26,1594.61,0.02948683377126709,0.02679530630901239
2023-02-27,1641.34,-0.004813140482776185,-0.007504667945030882
2023-02-28,1633.69,-0.017377837900703377,-0.020069365362958072
2023-03-01,1605.79,0.03682299678040099,0.03413146931814629
2023-03-02,1664.85,-0.010553503318617255,-0.013245030780871952
2023-03-03,1648.06,-0.0479048092909239,-0.0505963367531786
2023-03-04,1569.6,-0.001758409785932716,-0.0044499372481874135
2023-03-05,1566.51,-0.0012001200120011248,-0.003891647474255822
2023-03-06,1565.02,0.0003961610714240829,-0.0022953663908306145
2023-03-07,1565.48,-0.0027148222909267445,-0.005406349753181442
2023-03-08,1561.98,-0.018963110923315356,-0.021654638385570052
2023-03-09,1532.59,-0.06192784763048164,-0.06461937509273634
2023-03-10,1437.6,-0.0074777406789092934,-0.01016926814116399
2023-03-11,1425.81,0.032704217251948095,0.030012689789693396
2023-03-12,1471.58,0.07383900297639279,0.0711474755141381
2023-03-13,1580.14,0.05939347146455371,0.05670194400229901
2023-03-14,1673.91,0.015616132289071617,0.01292460482681692
2023-03-15,1699.07,-0.02863919673703841,-0.03133072419929311
2023-03-16,1650.35,0.014106098706335142,0.011414571244080445
2023-03-17,1673.94,0.06898694098952174,0.06629541352726705
2023-03-18,1789.95,-0.01764295092041686,-0.020334478382671557
2023-03-19,1759.17,0.012352416196274389,0.009660888734019692
2023-03-20,1780.35,-0.02662959530429402,-0.02932112276654872
2023-03-21,1732.96,0.039550826331825294,0.036859298869570595
2023-03-22,1801.39,-0.037254564530723566,-0.039946091992978265
2023-03-23,1733.94,0.046201137294254645,0.043509609831999946
2023-03-24,1813.95,-0.03542545274125527,-0.03811698020350997
2023-03-25,1749.31,-0.003824365035356829,-0.006515892497611526
2023-03-26,1742.36,0.01840606992814353,0.015714542465888832
2023-03-27,1774.25,-0.033157672255882724,-0.03584919971813742
2023-03-28,1715.59,0.03348702195746073,0.03079549449520603
2023-03-29,1773.42,0.010956231462372047,0.00826470400011735
2023-03-30,1793.37,-7.806531836702559e-05,-0.0027695927806217226
2023-03-31,1793.23,0.01586522643498048,0.013173698972725781
2023-04-01,1821.87,-0.0007245302903060791,-0.0034160577525607764
2023-04-02,1820.65,-0.01425315134704641,-0.016944678809301107
2023-04-03,1794.81,0.008831018325059553,0.006139490862804856
2023-04-04,1810.65,0.03325325159473107,0.03056172413247637
2023-04-05,1870.74,0.020157798518233447,0.017466271055978748
2023-04-06,1908.83,-0.01899069063248168,-0.021682218094736375
2023-04-07,1872.02,-0.0042200403841839785,-0.006911567846438676
2023-04-08,1863.97,-0.007886393021346935,-0.010577920483601632
2023-04-09,1848.71,0.005273947779803214,0.002582420317548517
2023-04-10,1857.57,0.02824119683242087,0.025549669370166173
2023-04-11,1910.03,-0.010753757794380174,-0.013445285256634871
2023-04-12,1890.07,0.014512690006190281,0.011821162543935584
2023-04-13,1917.5,0.04910039113428949,0.04640886367203479
2023-04-14,2011.65,0.04379489473815023,0.04110336727589553
2023-04-15,2099.97,-0.004347681157349703,-0.0070392086196044
2023-04-16,2090.92,0.013214278882023277,0.01052275141976858
2023-04-17,2118.39,-0.020846019854700908,-0.023537547316955607
2023-04-18,2074.31,0.014192671297925601,0.011501143835670904
2023-04-19,2103.26,-0.08062246227285269,-0.08331398973510738
2023-04-20,1933.82,0.004840160925008598,0.002148633462753901
2023-04-21,1943.27,-0.048680831793832,-0.0513723592560867
2023-04-22,1848.96,0.013748269297334756,0.011056741835080059
2023-04-23,1874.45,-0.006572594627757442,-0.00926412209001214
2023-04-24,1862.18,-0.010761580513161973,-0.01345310797541667
2023-04-25,1842.14,0.013164037478150412,0.010472510015895714
2023-04-26,1866.39,-0.00018216985731821618,-0.0028736973195729134
2023-04-27,1866.42,0.02256726781753297,0.019875740355278275
2023-04-28,1908.67,-0.009189645145572552,-0.01188117260782725
2023-04-29,1891.18,0.008603094364365096,0.005911566902110399
2023-04-30,1907.83,-0.01981308607161013,-0.022504613533864827
2023-05-01,1870.43,-0.021187641344503728,-0.023879168806758423
2023-05-02,1830.98,0.021447530830484212,0.018756003368229517
2023-05-03,1870.46,0.018626434139195663,0.015934906676940967
2023-05-04,1905.04,-0.014430143199092938,-0.017121670661347635
2023-05-05,1877.52,0.06154395159572199,0.05885242413346729
2023-05-06,1993.09,-0.04832195234535317,-0.05101347980760787
2023-05-07,1896.78,-0.014013222408502793,-0.016704749870757492
2023-05-08,1869.53,-0.011986969987109103,-0.0146784974493638
2023-05-09,1847.51,-0.0003031106732845535,-0.002994638135539251
2023-05-10,1846.95,-0.003762960556593327,-0.006454488018848024
2023-05-11,1841.19,-0.025516106431166807,-0.028207633893421506
2023-05-12,1794.68,0.007271491296498515,0.0045799638342438175
2023-05-13,1807.73,-0.006936876635338222,-0.00962840409759292
2023-05-14,1794.76,0.0027970313579531426,0.00010550389569844538
2023-05-15,1798.77,0.009573208359045363,0.006881680896790665
2023-05-16,1815.85,0.004240438362199546,0.0015489108999448492
2023-05-17,1824.49,-0.0015346754435485832,-0.0042262029058032806
2023-05-18,1822.25,-0.011968719989024528,-0.014660247451279225
2023-05-19,1800.78,0.006436099912260198,0.0037445724500055006
2023-05-20,1812.58,0.003801211532732404,0.0011096840704777067
2023-05-21,1819.53,-0.00822190345858548,-0.010913430920840177
2023-05-22,1805.13,0.006747436472719325,0.004055909010464628
2023-05-23,1817.06,0.020302026350258164,0.017610498888003465
2023-05-24,1853.94,-0.0291055805473748,-0.031797108009629496
2023-05-25,1799.65,0.003233962159308719,0.0005424346970540218
2023-05-26,1805.9,0.01219890359377594,0.009507376131521243
2023-05-27,1827.85,0.0009957053368712771,-0.00169582212538342
2023-05-28,1830.33,0.042669901056093786,0.03997837359383909
2023-05-29,1908.64,-0.008508676334981981,-0.011200203797236678
2023-05-30,1892.7,0.004121096845775852,0.0014295693835211544
2023-05-31,1900.94,-0.014461266531295048,-0.017152793993549745
2023-06-01,1873.84,-0.006414635187636074,-0.00910616264989077
2023-06-02,1860.92,0.024461019280785836,0.02176949181853114
2023-06-03,1906.44,-0.007710706867249976,-0.010402234329504673
2023-06-04,1892.1,-0.001025315786691944,-0.003716843248946641
2023-06-05,1890.08,-0.04213049183103355,-0.044822019293288246
2023-06-06,1809.7,0.04121125048350551,0.03851972302125081
2023-06-07,1884.53,-0.03217247801839179,-0.03486400548064649
2023-06-08,1823.76,0.012391981401061493,0.009700453938806796
2023-06-09,1844.63,-0.0033231596580344616,-0.006014687120289158
2023-06-10,1838.78,-0.046927854338202485,-0.049619381800457184
2023-06-11,1752.13,-0.0026139612928265336,-0.005305488755081231
2023-06-12,1747.6,-0.003456168459601719,-0.006147695921856416
2023-06-13,1741.54,-0.0011024725243176,-0.003793999986572297
2023-06-14,1739.49,-0.05099195741280493,-0.053683484875059626
2023-06-15,1652.37,0.008508990117225666,0.005817462654970969
2023-06-16,1667.4,0.030640518172004267,0.02794899070974957
2023-06-17,1718.47,0.006016980220777737,0.00332545275852304
2023-06-18,1727.5,-0.004596237337192506,-0.007287764799447203
2023-06-19,1720.01,0.010092964575787292,0.007401437113532595
2023-06-20,1737.34,0.030477626716704877,0.027786099254450178
2023-06-21,1789.93,0.056225662456073626,0.05353413499381893
2023-06-22,1888.59,-0.009642113958032082,-0.012333641420286779
2023-06-23,1870.4,0.010949529512403773,0.008258002050149076
2023-06-24,1892.58,-0.008094770102188514,-0.010786297564443211
2023-06-25,1877.32,0.011740140199859354,0.009048612737604657
2023-06-26,1900.49,-0.022067992991281225,-0.024759520453535924
2023-06-27,1860.02,0.01601058053139212,0.013319053069137424
2023-06-28,1890.0,-0.03330158730158733,-0.03599311476384203
2023-06-29,1829.24,0.013021801403861678,0.01033027394160698
2023-06-30,1852.96,0.04392971246006382,0.041238184997809124
2023-07-01,1934.36,-0.005784859074836032,-0.008476386537090728
2023-07-02,1924.98,0.005948113746636352,0.003256586284381655
2023-07-03,1936.43,0.009848019293235456,0.007156491830980759
2023-07-04,1956.36,-0.00976302929931092,-0.012454556761565616
2023-07-05,1937.67,-0.013392373314341474,-0.01608390077659617
2023-07-06,1911.58,-0.032857636091610055,-0.035549163553864754
2023-07-07,1846.9,0.01341707726460554,0.010725549802350843
2023-07-08,1870.85,-0.00381110190555089,-0.006502629367805587
2023-07-09,1863.78,0.00011803968279519433,-0.0025734877794595028
2023-07-10,1862.51,0.01001873815442606,0.0073272106921713626
2023-07-11,1881.17,-0.0021103887474284767,-0.004801916209683173
2023-07-12,1877.13,-0.002748877275415172,-0.005440404737669869
2023-07-13,1872.31,0.0684769082043038,0.06578538074204911
2023-07-14,2002.96,-0.03354535287774097,-0.03623688033999567
2023-07-15,1937.72,-0.0032615651384100574,-0.005953092600664754
2023-07-16,1931.4,-0.0054054054054054335,-0.00809693286766013
2023-07-17,1920.97,-0.004518550523954077,-0.007210077986208774
2023-07-18,1912.71,-0.008370322735804169,-0.011061850198058866
2023-07-19,1898.4,-0.004893594605984087,-0.007585122068238784
2023-07-20,1889.11,0.0005716977836124707,-0.0021198296786422263
2023-07-21,1890.38,0.0012642960674572692,-0.001427231394797428
2023-07-22,1891.46,-0.013217303035750161,-0.01590883049800486
2023-07-23,1867.12,0.010668837568019235,0.007977310105764537
2023-07-24,1888.99,-0.020794181017369056,-0.02348570847962375
2023-07-25,1850.71,0.003474342279449543,0.0007828148171948458
2023-07-26,1857.14,0.008120012492326871,0.005428485030072174
2023-07-27,1872.47,-0.00614696096599678,-0.008838488428251478
2023-07-28,1860.96,0.007291935345198143,0.004600407882943446
2023-07-29,1874.53,0.002928734136023435,0.00023720667376873764
2023-07-30,1880.11,-0.010185574248315185,-0.012877101710569883
2023-07-31,1861.02,-0.0027995400371839296,-0.005491067499438626
2023-08-01,1857.18,0.008760594018888844,0.0060690665566341465
2023-08-02,1873.85,-0.018331243162472935,-0.021022770624727634
2023-08-03,1839.31,-0.0017995878889365824,-0.00449111535119128
2023-08-04,1835.46,-0.002593355344164401,-0.005284882806419098
2023-08-05,1830.69,0.0031081177042536173,0.00041659024199892014
2023-08-06,1836.36,-0.0035069376375001784,-0.006198465099754876
2023-08-07,1830.47,-0.00067195856801806,-0.003363486030272757
2023-08-08,1829.24,0.015017165598827943,0.012325638136573246
2023-08-09,1856.7,-0.0002692949857273657,-0.002960822447982063
2023-08-10,1856.2,-0.0015192328412886198,-0.004210760303543317
2023-08-11,1853.27,-0.0024119529264489403,-0.0051034803887036375
2023-08-12,1848.79,0.0006598910638850422,-0.002031636398369655
2023-08-13,1849.68,-0.004968426971151796,-0.007659954433406493
2023-08-14,1840.51,0.002216776871627933,-0.000474750590626764
2023-08-15,1845.7,-0.009145581622148838,-0.011837109084403535
2023-08-16,1828.89,-0.011438632175800661,-0.014130159638055358
2023-08-17,1807.73,-0.06957344293672174,-0.07226497039897643
2023-08-18,1682.69,-0.012331445483125234,-0.015022972945379931
2023-08-19,1662.13,0.004638626340899814,0.0019470988786451171
2023-08-20,1669.81,0.009084865942831864,0.006393338480577167
2023-08-21,1685.54,-0.01084518907887085,-0.013536716541125548
2023-08-22,1667.85,-0.020121713583355787,-0.022813241045610486
2023-08-23,1635.62,0.027280175101796336,0.02458864763954164
2023-08-24,1680.18,-0.011469009272815996,-0.014160536735070693
2023-08-25,1660.95,-0.003973629549354367,-0.006665157011609064
2023-08-26,1654.29,-0.003983582080529967,-0.006675109542784664
2023-08-27,1646.55,0.007063253469375427,0.00437172600712073
2023-08-28,1658.18,-0.0027680951404552854,-0.0054596226027099825
2023-08-29,1652.84,0.04591491009414106,0.04322338263188636
2023-08-30,1728.73,-0.01333927218246918,-0.016030799644723877
2023-08-31,1705.15,-0.03425505087528961,-0.036946578337544306
2023-09-01,1646.54,-0.011174948680262772,-0.01386647614251747
2023-09-02,1629.53,0.0050750829993924515,0.0023835555371377543
2023-09-03,1637.78,-0.0015264565448350816,-0.0042179840070897786
2023-09-04,1636.49,-0.0033547409394496814,-0.006046268401704379
2023-09-05,1631.15,0.0018575851393188686,-0.0008339423229358285
2023-09-06,1634.32,-0.0005445689950559699,-0.003236096457310667
2023-09-07,1632.39,0.009997610865050592,0.007306083402795895
2023-09-08,1648.76,-0.007175089157912569,-0.009866616620167266
2023-09-09,1636.87,-0.0008552908905410104,-0.0035468183527957078
2023-09-10,1635.82,-0.011382670464965517,-0.014074197927220214
2023-09-11,1618.25,-0.040858952572223016,-0.043550480034477715
2023-09-12,1550.83,0.0273788874344706,0.024687359972215904
2023-09-13,1593.29,0.008830784100822785,0.006139256638568088
2023-09-14,1607.82,0.011587117960965848,0.00889559049871115
2023-09-15,1626.45,0.009560699683359436,0.0068691722211047385
2023-09-16,1641.9,-0.0041780863633595995,-0.006869613825614297
2023-09-17,1635.04,-0.008018152461101808,-0.010709679923356506
2023-09-18,1621.98,0.009402088805040752,0.006710561342786055
2023-09-19,1636.01,0.00458432405669892,0.0018927965944442226
2023-09-20,1642.22,-0.011709758741216169,-0.014401286203470866
2023-09-21,1621.91,-0.022559821445086437,-0.025251348907341133
2023-09-22,1584.81,0.005584265621746542,0.002892738159491845
2023-09-23,1592.65,0.0004332401971555754,-0.002258287265099122
2023-09-24,1594.42,-0.008975050488579026,-0.011666577950833723
2023-09-25,1579.66,0.005482192370510017,0.00279066490825532
2023-09-26,1588.78,0.0031659512330215467,0.0004744237707668495
2023-09-27,1594.24,0.0028414793255720425,0.0001499518633173453
2023-09-28,1598.74,0.0344396212016963,0.0317480937394416
2023-09-29,1652.57,0.009585070526513337,0.00689354306425864
2023-09-30,1667.05,0.0023094688221709826,-0.00038205864008371455
2023-10-01,1670.68,0.037362032226398736,0.03467050476414404
2023-10-02,1728.9,-0.037995257099890135,-0.040686784562144834
2023-10-03,1663.01,-0.0030847679809501336,-0.005776295443204831
2023-10-04,1658.01,-0.0060614833444912605,-0.008753010806745957
2023-10-05,1646.72,-0.021230081616789763,-0.023921609079044462
2023-10-06,1612.35,0.020764722299748826,0.01807319483749413
2023-10-07,1646.14,-0.00711361123598238,-0.009805138698237077
2023-10-08,1633.34,0.0002877539275350064,-0.002403773534719691
2023-10-09,1633.75,-0.03307115531752102,-0.03576268277977572
2023-10-10,1579.66,-0.0072483952242888,-0.009939922686543496
2023-10-11,1568.55,-0.001963596952599488,-0.004655124414854186
2023-10-12,1565.49,-0.016193013050227027,-0.018884540512481722
2023-10-13,1539.95,0.005597584337153733,0.0029060568748990358
2023-10-14,1552.02,0.0021133748276439563,-0.0005781526346107409
2023-10-15,1555.3,0.0006043850061081815,-0.0020871424561465157
2023-10-16,1557.16,0.02750520177759506,0.024813674315340366
2023-10-17,1599.99,-0.021281383008643774,-0.023972910470898473
2023-10-18,1565.96,-0.001168612225088717,-0.0038601396873434142
2023-10-19,1561.96,0.0032267151527567693,0.0005351876905020721
2023-10-20,1566.18,0.024179851613479863,0.021488324151225167
2023-10-21,1605.07,0.014940158373155077,0.01224863091090038
2023-10-22,1630.51,0.018877529116656733,0.016186001654402038
2023-10-23,1661.51,0.06024640236892941,0.05755487490667471
2023-10-24,1762.83,0.012882694304045221,0.010191166841790524
2023-10-25,1783.88,0.0015135547234117867,-0.0011779727388429105
2023-10-26,1786.0,0.008085106382978755,0.005393578920724057
2023-10-27,1802.0,-0.013301886792452845,-0.015993414254707544
2023-10-28,1778.03,-0.0005342991963015503,-0.0032258266585562475
2023-10-29,1773.9,0.01235695360505093,0.009665426142796233
2023-10-30,1797.2,0.006326507901179551,0.0036349804389248543
2023-10-31,1809.7,0.002917610653699493,0.00022608319144479597
2023-11-01,1814.84,0.017114456370809644,0.014422928908554946
2023-11-02,1846.58,-0.024835100564286356,-0.02752662802654105
2023-11-03,1800.72,0.01680438935536896,0.014112861893114262
2023-11-04,1832.84,0.012297854695445424,0.009606327233190727
2023-11-05,1856.26,0.01963625785180958,0.01694473038955488
2023-11-06,1892.54,0.00436450484534012,0.0016729773830854227
2023-11-07,1901.36,-0.007873311734758174,-0.01056483919701287
2023-11-08,1886.39,0.0011768510223229554,-0.0015146764399317418
2023-11-09,1888.0,0.12358050847457636,0.12088898101232166
2023-11-10,2119.56,-0.019607843137254877,-0.022299370599509573
2023-11-11,2078.01,-0.012795896073647452,-0.01548742353590215
2023-11-12,2052.46,-0.003873400699648249,-0.006564928161902946
2023-11-13,2046.57,0.0041093146093219785,0.0014177871470672813
2023-11-14,2055.17,-0.03685339898889143,-0.03954492645114613
2023-11-15,1979.92,0.04046123075679832,0.03776970329454362
2023-11-16,2060.02,-0.04754322773565308,-0.05023475519790778
2023-11-17,1962.43,-0.0017376415974073376,-0.004429169059662035
2023-11-18,1961.8,-0.0006524620246712064,-0.0033439894869259036
2023-11-19,1963.48,0.024517693075559656,0.021826165613304957
2023-11-20,2013.69,0.0033967492513743017,0.0007052217891196045
2023-11-21,2021.97,-0.04148429501921399,-0.04417582248146869
2023-11-22,1935.19,0.06658777691079436,0.06389624944853967
2023-11-23,2063.69,-0.00031981547616156226,-0.0030113429384162594
2023-11-24,2062.83,0.009113693324219728,0.006422165861965031
2023-11-25,2081.09,0.0012877866887063202,-0.001403740773548377
2023-11-26,2083.34,-0.00943676980233678,-0.012128297264591477
2023-11-27,2063.24,-0.017685775770147818,-0.020377303232402513
2023-11-28,2028.78,0.010355977484005161,0.007664450021750464
2023-11-29,2049.79,-0.009522926738836653,-0.01221445420109135
2023-11-30,2029.47,0.01031303739399945,0.007621509931744753
2023-12-01,2053.39,0.015968715149094894,0.013277187686840197
2023-12-02,2086.71,0.03610947376492177,0.03341794630266707
2023-12-03,2162.3,0.013374647366230225,0.010683119903975528
2023-12-04,2193.52,0.02221999343520927,0.019528465972954573
2023-12-05,2242.17,0.02424437040902346,0.021552842946768763
2023-12-06,2292.95,-0.02597963322357649,-0.028671160685831185
2023-12-07,2233.38,0.05499288074577533,0.05230135328352063
2023-12-08,2354.79,0.0018345584956621032,-0.000856968966592594
2023-12-09,2359.73,-0.008450119293309003,-0.0111416467555637
2023-12-10,2339.79,0.005346633672252732,0.0026551062099980345
2023-12-11,2352.52,-0.053512828796354495,-0.056204356258609194
2023-12-12,2225.69,-0.009853124199686316,-0.012544651661941013
2023-12-13,2204.07,0.02626958308946614,0.023578055627211443
2023-12-14,2261.79,0.023910265762957624,0.02121873830070293
2023-12-15,2316.08,-0.04245103796069208,-0.04514256542294678
2023-12-16,2219.18,0.0046774033652070175,0.0019858759029523203
2023-12-17,2229.0,-0.014392104082548195,-0.017083631544802892
2023-12-18,2197.98,0.009522379639487091,0.006830852177232394
2023-12-19,2219.87,-0.018239806835535315,-0.02093133429779001
2023-12-20,2180.67,0.009336580041913782,0.006645052579659085
2023-12-21,2202.75,0.01696061741005567,0.014269089947800974
2023-12-22,2239.07,0.039016198689634386,0.03632467122737969
2023-12-23,2324.27,-0.007176446798349519,-0.009867974260604217
2023-12-24,2309.25,-0.019716358124932425,-0.02240788558718712
2023-12-25,2264.37,0.0034623316860761034,0.0007708042238214062
2023-12-26,2272.21,-0.01754239264856687,-0.02023392011082157
2023-12-27,2231.99,0.06280942118916306,0.060117893726908365
2023-12-28,2372.2,-0.01364556108253937,-0.016337088544794067
2023-12-29,2342.83,-0.018776437044087612,-0.021467964506342307
2023-12-30,2298.84,-0.002366410885490097,-0.0050579383477447944
2023-12-31,2290.87,-0.004478647849943368,-0.007170175312198065
2024-01-01,2281.01,0.025861350892806157,0.02316982343055146
2024-01-02,2339.56,0.006860264323206151,0.0041687368609514535
2024-01-03,2356.13,-0.062424399332804185,-0.06511592679505888
2024-01-04,2210.1,0.026709198678792907,0.02401767121653821
2024-01-05,2264.16,0.0005785810190092332,-0.002112946443245464
2024-01-06,2265.46,-0.01294218392732609,-0.015633711389580786
2024-01-07,2238.54,-0.007165384581021543,-0.00985691204327624
2024-01-08,2220.29,0.05054294709249704,0.047851419630242344
2024-01-09,2331.39,0.0058634548488241236,0.0031719273865694264
2024-01-10,2347.32,0.09867849291958473,0.09598696545733004
2024-01-11,2579.11,0.015660441004842707,0.01296891354258801
2024-01-12,2617.56,-0.03519690093063774,-0.037888428392892436
2024-01-13,2521.32,0.021885361635968395,0.019193834173713696
2024-01-14,2576.81,-0.03900171141838164,-0.04169323888063634
2024-01-15,2477.59,0.01631020467470399,0.013618677212449292
2024-01-16,2518.0,0.027073073868149354,0.024381546405894655
2024-01-17,2587.74,-0.022351550001159196,-0.025043077463413894
2024-01-18,2531.88,-0.024207308403241843,-0.02689883586549654
2024-01-19,2470.59,0.011904039116162477,0.00921251165390778
2024-01-20,2497.9,-0.010769045998638893,-0.01346057346089359
2024-01-21,2472.82,-0.004965990245954093,-0.00765751770820879
2024-01-22,2457.42,-0.058113794141823515,-0.060805321604078214
2024-01-23,2314.59,-0.03153042223460743,-0.03422194969686213
2024-01-24,2242.61,-0.002456958633021443,-0.00514848609527614
2024-01-25,2236.05,-0.006730618724983869,-0.009422146187238566
2024-01-26,2219.85,0.021744712480573004,0.019053185018318305
2024-01-27,2268.42,-0.00016751747912648854,-0.0028590449413811855
2024-01-28,2267.75,-0.004414066806305906,-0.007105594268560603
2024-01-29,2259.4,0.025719217491369444,0.02302769002911475
2024-01-30,2317.57,0.01097269985372603,0.008281172391471333
2024-01-31,2343.83,-0.02468182419373415,-0.027373351655988844
2024-02-01,2289.08,0.006054834256557276,0.0033633067943025785
2024-02-02,2303.45,0.002318261737828104,-0.00037326572442659316
2024-02-03,2308.79,-0.004842363315849357,-0.007533890778104054
2024-02-04,2293.48,-0.0018530791635418666,-0.0045446066257965635
2024-02-05,2288.47,0.0059952719502550855,0.0033037444880003883
2024-02-06,2302.14,0.030032925886349367,0.027341398424094672
2024-02-07,2373.11,0.02191217431977447,0.01922064685751977
2024-02-08,2426.38,-0.0028602279939663427,-0.00555175545622104
2024-02-09,2422.08,0.027001585414189497,0.024310057951934798
2024-02-10,2489.77,0.00411282969912893,0.001421302236874233
2024-02-11,2501.58,0.0020227216399235463,-0.0006688058223311508
2024-02-12,2506.03,0.061575479942378955,0.058883952480124256
2024-02-13,2659.45,-0.007689559871401914,-0.01038108733365661
2024-02-14,2640.26,0.05081317749009561,0.04812165002784091
2024-02-15,2774.42,0.016140310407220155,0.013448782944965458
2024-02-16,2824.19,-0.007467627886225837,-0.010159155348480534
2024-02-17,2801.66,-0.0054967412177065154,-0.008188268679961213
2024-02-18,2786.27,0.03330976538526415,0.030618237923009453
2024-02-19,2881.32,0.021337442561048414,0.018645915098793715
2024-02-20,2942.8,0.02375968465407082,0.021068157191816123
2024-02-21,3015.0,-0.015396351575456078,-0.018087879037710773
2024-02-22,2968.51,0.0013137904201096294,-0.0013777370421450678
2024-02-23,2975.34,-0.01731902908575161,-0.020010556548006306
2024-02-24,2923.83,0.02295277085193056,0.020261243389675866
2024-02-25,2993.55,0.040276594678558805,0.037585067216304106
2024-02-26,3114.12,0.01832941569367909,0.015637888231424396
2024-02-27,3176.76,0.020319444969087913,0.017627917506833214
2024-02-28,3244.08,0.04341754827254565,0.040726020810290954
2024-02-29,3385.63,-0.011918018212267704,-0.014609545674522401
2024-03-01,3340.94,0.009590115356755873,0.006898587894501176
